2026-10-03 13:43:47.485 [main] INFO  [] [] c.s.SeatReservationApplication - Starting SeatReservationApplication v1.0.0 using Java 21.0.12.1 with PID 1 (/app/app.jar started by appuser in /app)
2026-10-03 13:43:47.485 [main] INFO  [] [] c.s.SeatReservationApplication - No active profile set, falling back to 1 default profile: "default"
2026-10-03 13:43:49.370 [main] INFO  [] [] c.s.SeatReservationApplication - Started SeatReservationApplication in 2.088 seconds (process running for 2.277)
2026-10-03 13:43:52.163 [http-nio-8080-exec-1] INFO  [c254c825] [] c.s.filter.JwtAuthFilter - incoming method=GET uri=/health/ready requestId=c254c825
2026-10-03 13:43:52.202 [http-nio-8080-exec-1] INFO  [c254c825] [] c.s.filter.JwtAuthFilter - completed method=GET uri=/health/ready status=200 durationMs=39 requestId=c254c825
2026-10-03 13:44:02.234 [http-nio-8080-exec-2] INFO  [256bc344] [] c.s.filter.JwtAuthFilter - incoming method=GET uri=/health/ready requestId=256bc344
2026-10-03 13:44:02.239 [http-nio-8080-exec-2] INFO  [256bc344] [] c.s.filter.JwtAuthFilter - completed method=GET uri=/health/ready status=200 durationMs=5 requestId=256bc344
2026-10-03 13:44:12.272 [http-nio-8080-exec-3] INFO  [e5537381] [] c.s.filter.JwtAuthFilter - incoming method=GET uri=/health/ready requestId=e5537381
2026-10-03 13:44:12.276 [http-nio-8080-exec-3] INFO  [e5537381] [] c.s.filter.JwtAuthFilter - completed method=GET uri=/health/ready status=200 durationMs=5 requestId=e5537381
2026-10-03 13:44:22.308 [http-nio-8080-exec-4] INFO  [76550d2e] [] c.s.filter.JwtAuthFilter - incoming method=GET uri=/health/ready requestId=76550d2e
2026-10-03 13:44:22.311 [http-nio-8080-exec-4] INFO  [76550d2e] [] c.s.filter.JwtAuthFilter - completed method=GET uri=/health/ready status=200 durationMs=4 requestId=76550d2e
2026-10-03 13:44:32.349 [http-nio-8080-exec-5] INFO  [7f1a6d70] [] c.s.filter.JwtAuthFilter - incoming method=GET uri=/health/ready requestId=7f1a6d70
2026-10-03 13:44:32.355 [http-nio-8080-exec-5] INFO  [7f1a6d70] [] c.s.filter.JwtAuthFilter - completed method=GET uri=/health/ready status=200 durationMs=6 requestId=7f1a6d70
2026-10-03 13:44:42.387 [http-nio-8080-exec-6] INFO  [b7be56b7] [] c.s.filter.JwtAuthFilter - incoming method=GET uri=/health/ready requestId=b7be56b7
2026-10-03 13:44:42.391 [http-nio-8080-exec-6] INFO  [b7be56b7] [] c.s.filter.JwtAuthFilter - completed method=GET uri=/health/ready status=200 durationMs=4 requestId=b7be56b7
2026-10-03 13:44:52.423 [http-nio-8080-exec-7] INFO  [3f589e20] [] c.s.filter.JwtAuthFilter - incoming method=GET uri=/health/ready requestId=3f589e20
2026-10-03 13:44:52.427 [http-nio-8080-exec-7] INFO  [3f589e20] [] c.s.filter.JwtAuthFilter - completed method=GET uri=/health/ready status=200 durationMs=4 requestId=3f589e20
2026-10-03 13:45:02.460 [http-nio-8080-exec-8] INFO  [a338673d] [] c.s.filter.JwtAuthFilter - incoming method=GET uri=/health/ready requestId=a338673d
2026-10-03 13:45:02.464 [http-nio-8080-exec-8] INFO  [a338673d] [] c.s.filter.JwtAuthFilter - completed method=GET uri=/health/ready status=200 durationMs=4 requestId=a338673d
2026-10-03 13:45:12.498 [http-nio-8080-exec-9] INFO  [c0dbaf08] [] c.s.filter.JwtAuthFilter - incoming method=GET uri=/health/ready requestId=c0dbaf08
2026-10-03 13:45:12.502 [http-nio-8080-exec-9] INFO  [c0dbaf08] [] c.s.filter.JwtAuthFilter - completed method=GET uri=/health/ready status=200 durationMs=5 requestId=c0dbaf08
2026-10-03 13:45:22.532 [http-nio-8080-exec-10] INFO  [e20eeff2] [] c.s.filter.JwtAuthFilter - incoming method=GET uri=/health/ready requestId=e20eeff2
2026-10-03 13:45:22.536 [http-nio-8080-exec-10] INFO  [e20eeff2] [] c.s.filter.JwtAuthFilter - completed method=GET uri=/health/ready status=200 durationMs=4 requestId=e20eeff2
2026-10-03 13:45:32.568 [http-nio-8080-exec-11] INFO  [e0977577] [] c.s.filter.JwtAuthFilter - incoming method=GET uri=/health/ready requestId=e0977577
2026-10-03 13:45:32.572 [http-nio-8080-exec-11] INFO  [e0977577] [] c.s.filter.JwtAuthFilter - completed method=GET uri=/health/ready status=200 durationMs=4 requestId=e0977577
2026-10-03 13:45:42.599 [http-nio-8080-exec-12] INFO  [91cafdb3] [] c.s.filter.JwtAuthFilter - incoming method=GET uri=/health/ready requestId=91cafdb3
2026-10-03 13:45:42.611 [http-nio-8080-exec-12] INFO  [91cafdb3] [] c.s.filter.JwtAuthFilter - completed method=GET uri=/health/ready status=200 durationMs=12 requestId=91cafdb3
2026-10-03 13:45:52.646 [http-nio-8080-exec-13] INFO  [e16ece4b] [] c.s.filter.JwtAuthFilter - incoming method=GET uri=/health/ready requestId=e16ece4b
2026-10-03 13:45:52.654 [http-nio-8080-exec-13] INFO  [e16ece4b] [] c.s.filter.JwtAuthFilter - completed method=GET uri=/health/ready status=200 durationMs=8 requestId=e16ece4b
2026-10-03 13:46:02.686 [http-nio-8080-exec-14] INFO  [55a3c2ca] [] c.s.filter.JwtAuthFilter - incoming method=GET uri=/health/ready requestId=55a3c2ca
2026-10-03 13:46:02.690 [http-nio-8080-exec-14] INFO  [55a3c2ca] [] c.s.filter.JwtAuthFilter - completed method=GET uri=/health/ready status=200 durationMs=4 requestId=55a3c2ca
2026-10-03 13:46:12.723 [http-nio-8080-exec-15] INFO  [2c52f331] [] c.s.filter.JwtAuthFilter - incoming method=GET uri=/health/ready requestId=2c52f331
2026-10-03 13:46:12.726 [http-nio-8080-exec-15] INFO  [2c52f331] [] c.s.filter.JwtAuthFilter - completed method=GET uri=/health/ready status=200 durationMs=3 requestId=2c52f331
2026-10-03 13:46:22.757 [http-nio-8080-exec-16] INFO  [05f8c7a2] [] c.s.filter.JwtAuthFilter - incoming method=GET uri=/health/ready requestId=05f8c7a2
2026-10-03 13:46:22.761 [http-nio-8080-exec-16] INFO  [05f8c7a2] [] c.s.filter.JwtAuthFilter - completed method=GET uri=/health/ready status=200 durationMs=4 requestId=05f8c7a2
2026-10-03 13:46:32.792 [http-nio-8080-exec-17] INFO  [a8ce9c27] [] c.s.filter.JwtAuthFilter - incoming method=GET uri=/health/ready requestId=a8ce9c27
2026-10-03 13:46:32.797 [http-nio-8080-exec-17] INFO  [a8ce9c27] [] c.s.filter.JwtAuthFilter - completed method=GET uri=/health/ready status=200 durationMs=5 requestId=a8ce9c27
2026-10-03 13:46:42.829 [http-nio-8080-exec-18] INFO  [99f92a74] [] c.s.filter.JwtAuthFilter - incoming method=GET uri=/health/ready requestId=99f92a74
2026-10-03 13:46:42.833 [http-nio-8080-exec-18] INFO  [99f92a74] [] c.s.filter.JwtAuthFilter - completed method=GET uri=/health/ready status=200 durationMs=4 requestId=99f92a74
2026-10-03 13:46:52.868 [http-nio-8080-exec-19] INFO  [7ad8dc44] [] c.s.filter.JwtAuthFilter - incoming method=GET uri=/health/ready requestId=7ad8dc44
2026-10-03 13:46:52.876 [http-nio-8080-exec-19] INFO  [7ad8dc44] [] c.s.filter.JwtAuthFilter - completed method=GET uri=/health/ready status=200 durationMs=8 requestId=7ad8dc44
2026-10-03 13:47:02.910 [http-nio-8080-exec-20] INFO  [de0425f1] [] c.s.filter.JwtAuthFilter - incoming method=GET uri=/health/ready requestId=de0425f1
2026-10-03 13:47:02.917 [http-nio-8080-exec-20] INFO  [de0425f1] [] c.s.filter.JwtAuthFilter - completed method=GET uri=/health/ready status=200 durationMs=8 requestId=de0425f1
2026-10-03 13:47:08.054 [http-nio-8080-exec-1] INFO  [43255190] [] c.s.filter.JwtAuthFilter - incoming method=GET uri=/health/ready requestId=43255190
2026-10-03 13:47:08.059 [http-nio-8080-exec-1] INFO  [43255190] [] c.s.filter.JwtAuthFilter - completed method=GET uri=/health/ready status=200 durationMs=5 requestId=43255190
2026-10-03 13:47:08.271 [http-nio-8080-exec-2] INFO  [cab71f9b] [] c.s.filter.JwtAuthFilter - incoming method=GET uri=/favicon.ico requestId=cab71f9b
2026-10-03 13:47:08.280 [http-nio-8080-exec-2] INFO  [cab71f9b] [] c.s.filter.JwtAuthFilter - completed method=GET uri=/favicon.ico status=403 durationMs=9 requestId=cab71f9b
2026-10-03 13:47:12.940 [http-nio-8080-exec-3] INFO  [98cec403] [] c.s.filter.JwtAuthFilter - incoming method=GET uri=/health/ready requestId=98cec403
2026-10-03 13:47:12.943 [http-nio-8080-exec-3] INFO  [98cec403] [] c.s.filter.JwtAuthFilter - completed method=GET uri=/health/ready status=200 durationMs=3 requestId=98cec403
2026-10-03 13:47:20.794 [http-nio-8080-exec-4] INFO  [4d1494dc] [] c.s.filter.JwtAuthFilter - incoming method=GET uri=/health/live requestId=4d1494dc
2026-10-03 13:47:20.802 [http-nio-8080-exec-4] INFO  [4d1494dc] [] c.s.filter.JwtAuthFilter - completed method=GET uri=/health/live status=200 durationMs=8 requestId=4d1494dc
2026-10-03 13:47:20.837 [http-nio-8080-exec-5] INFO  [740551f8] [] c.s.filter.JwtAuthFilter - incoming method=GET uri=/favicon.ico requestId=740551f8
2026-10-03 13:47:20.837 [http-nio-8080-exec-5] INFO  [740551f8] [] c.s.filter.JwtAuthFilter - completed method=GET uri=/favicon.ico status=403 durationMs=1 requestId=740551f8
2026-10-03 13:47:22.966 [http-nio-8080-exec-6] INFO  [80b73bd3] [] c.s.filter.JwtAuthFilter - incoming method=GET uri=/health/ready requestId=80b73bd3
2026-10-03 13:47:22.969 [http-nio-8080-exec-6] INFO  [80b73bd3] [] c.s.filter.JwtAuthFilter - completed method=GET uri=/health/ready status=200 durationMs=3 requestId=80b73bd3
2026-10-03 13:47:33.003 [http-nio-8080-exec-7] INFO  [3eb6f764] [] c.s.filter.JwtAuthFilter - incoming method=GET uri=/health/ready requestId=3eb6f764
2026-10-03 13:47:33.008 [http-nio-8080-exec-7] INFO  [3eb6f764] [] c.s.filter.JwtAuthFilter - completed method=GET uri=/health/ready status=200 durationMs=5 requestId=3eb6f764
2026-10-03 13:47:43.037 [http-nio-8080-exec-8] INFO  [2c75e2a6] [] c.s.filter.JwtAuthFilter - incoming method=GET uri=/health/ready requestId=2c75e2a6
2026-10-03 13:47:43.041 [http-nio-8080-exec-8] INFO  [2c75e2a6] [] c.s.filter.JwtAuthFilter - completed method=GET uri=/health/ready status=200 durationMs=4 requestId=2c75e2a6
2026-10-03 13:47:53.073 [http-nio-8080-exec-9] INFO  [98d549b9] [] c.s.filter.JwtAuthFilter - incoming method=GET uri=/health/ready requestId=98d549b9
2026-10-03 13:47:53.077 [http-nio-8080-exec-9] INFO  [98d549b9] [] c.s.filter.JwtAuthFilter - completed method=GET uri=/health/ready status=200 durationMs=4 requestId=98d549b9
2026-10-03 13:48:03.110 [http-nio-8080-exec-10] INFO  [aa0fd9fe] [] c.s.filter.JwtAuthFilter - incoming method=GET uri=/health/ready requestId=aa0fd9fe
2026-10-03 13:48:03.114 [http-nio-8080-exec-10] INFO  [aa0fd9fe] [] c.s.filter.JwtAuthFilter - completed method=GET uri=/health/ready status=200 durationMs=4 requestId=aa0fd9fe
2026-10-03 13:48:13.147 [http-nio-8080-exec-12] INFO  [511b40d4] [] c.s.filter.JwtAuthFilter - incoming method=GET uri=/health/ready requestId=511b40d4
2026-10-03 13:48:13.151 [http-nio-8080-exec-12] INFO  [511b40d4] [] c.s.filter.JwtAuthFilter - completed method=GET uri=/health/ready status=200 durationMs=4 requestId=511b40d4
2026-10-03 13:48:23.206 [http-nio-8080-exec-14] INFO  [8f916d4f] [] c.s.filter.JwtAuthFilter - incoming method=GET uri=/health/ready requestId=8f916d4f
2026-10-03 13:48:23.219 [http-nio-8080-exec-14] INFO  [8f916d4f] [] c.s.filter.JwtAuthFilter - completed method=GET uri=/health/ready status=200 durationMs=15 requestId=8f916d4f
2026-10-03 13:48:33.260 [http-nio-8080-exec-15] INFO  [25cb1458] [] c.s.filter.JwtAuthFilter - incoming method=GET uri=/health/ready requestId=25cb1458
2026-10-03 13:48:33.264 [http-nio-8080-exec-15] INFO  [25cb1458] [] c.s.filter.JwtAuthFilter - completed method=GET uri=/health/ready status=200 durationMs=4 requestId=25cb1458
2026-10-03 13:48:43.301 [http-nio-8080-exec-16] INFO  [f8d2d5b3] [] c.s.filter.JwtAuthFilter - incoming method=GET uri=/health/ready requestId=f8d2d5b3
2026-10-03 13:48:43.305 [http-nio-8080-exec-16] INFO  [f8d2d5b3] [] c.s.filter.JwtAuthFilter - completed method=GET uri=/health/ready status=200 durationMs=4 requestId=f8d2d5b3
2026-10-03 13:48:53.336 [http-nio-8080-exec-17] INFO  [447e6800] [] c.s.filter.JwtAuthFilter - incoming method=GET uri=/health/ready requestId=447e6800
2026-10-03 13:48:53.339 [http-nio-8080-exec-17] INFO  [447e6800] [] c.s.filter.JwtAuthFilter - completed method=GET uri=/health/ready status=200 durationMs=3 requestId=447e6800
2026-10-03 13:49:03.370 [http-nio-8080-exec-18] INFO  [3917e5c4] [] c.s.filter.JwtAuthFilter - incoming method=GET uri=/health/ready requestId=3917e5c4
2026-10-03 13:49:03.374 [http-nio-8080-exec-18] INFO  [3917e5c4] [] c.s.filter.JwtAuthFilter - completed method=GET uri=/health/ready status=200 durationMs=4 requestId=3917e5c4
2026-10-03 13:49:13.412 [http-nio-8080-exec-19] INFO  [aafcf25c] [] c.s.filter.JwtAuthFilter - incoming method=GET uri=/health/ready requestId=aafcf25c
2026-10-03 13:49:13.418 [http-nio-8080-exec-19] INFO  [aafcf25c] [] c.s.filter.JwtAuthFilter - completed method=GET uri=/health/ready status=200 durationMs=7 requestId=aafcf25c
2026-10-03 13:49:23.448 [http-nio-8080-exec-20] INFO  [e1b7cee8] [] c.s.filter.JwtAuthFilter - incoming method=GET uri=/health/ready requestId=e1b7cee8
2026-10-03 13:49:23.451 [http-nio-8080-exec-20] INFO  [e1b7cee8] [] c.s.filter.JwtAuthFilter - completed method=GET uri=/health/ready status=200 durationMs=3 requestId=e1b7cee8
2026-10-03 13:49:33.488 [http-nio-8080-exec-1] INFO  [98ac1eac] [] c.s.filter.JwtAuthFilter - incoming method=GET uri=/health/ready requestId=98ac1eac
2026-10-03 13:49:33.493 [http-nio-8080-exec-1] INFO  [98ac1eac] [] c.s.filter.JwtAuthFilter - completed method=GET uri=/health/ready status=200 durationMs=5 requestId=98ac1eac
2026-10-03 13:49:42.480 [http-nio-8080-exec-2] INFO  [69846327] [] c.s.filter.JwtAuthFilter - incoming method=GET uri=/health/ready requestId=69846327
2026-10-03 13:49:42.484 [http-nio-8080-exec-2] INFO  [69846327] [] c.s.filter.JwtAuthFilter - completed method=GET uri=/health/ready status=200 durationMs=4 requestId=69846327
2026-10-03 13:49:42.502 [http-nio-8080-exec-4] INFO  [f3b2c79a] [] c.s.filter.JwtAuthFilter - incoming method=POST uri=/auth/token requestId=f3b2c79a
2026-10-03 13:49:42.610 [http-nio-8080-exec-4] INFO  [f3b2c79a] [] c.s.filter.JwtAuthFilter - completed method=POST uri=/auth/token status=200 durationMs=108 requestId=f3b2c79a
2026-10-03 13:49:42.757 [http-nio-8080-exec-6] INFO  [24aa8e20] [admin-burst] c.s.filter.JwtAuthFilter - incoming method=POST uri=/shows requestId=24aa8e20
2026-10-03 13:49:42.778 [http-nio-8080-exec-6] INFO  [24aa8e20] [admin-burst] c.s.service.ShowService - Created show id=396fa69d-88de-4d68-bfaa-188c657a4963 name=burst-test-1791035382 seats=50
2026-10-03 13:49:42.808 [http-nio-8080-exec-6] INFO  [24aa8e20] [admin-burst] c.s.filter.JwtAuthFilter - completed method=POST uri=/shows status=201 durationMs=71 requestId=24aa8e20
2026-10-03 13:49:42.850 [http-nio-8080-exec-10] INFO  [ed8a1415] [] c.s.filter.JwtAuthFilter - incoming method=POST uri=/auth/token requestId=ed8a1415
2026-10-03 13:49:42.850 [http-nio-8080-exec-8] INFO  [5ff6df1c] [] c.s.filter.JwtAuthFilter - incoming method=POST uri=/auth/token requestId=5ff6df1c
2026-10-03 13:49:42.850 [http-nio-8080-exec-9] INFO  [e570842d] [] c.s.filter.JwtAuthFilter - incoming method=POST uri=/auth/token requestId=e570842d
2026-10-03 13:49:42.850 [http-nio-8080-exec-11] INFO  [bb9eb433] [] c.s.filter.JwtAuthFilter - incoming method=POST uri=/auth/token requestId=bb9eb433
2026-10-03 13:49:42.852 [http-nio-8080-exec-11] INFO  [bb9eb433] [] c.s.filter.JwtAuthFilter - completed method=POST uri=/auth/token status=200 durationMs=2 requestId=bb9eb433
2026-10-03 13:49:42.852 [http-nio-8080-exec-10] INFO  [ed8a1415] [] c.s.filter.JwtAuthFilter - completed method=POST uri=/auth/token status=200 durationMs=2 requestId=ed8a1415
2026-10-03 13:49:42.853 [http-nio-8080-exec-8] INFO  [5ff6df1c] [] c.s.filter.JwtAuthFilter - completed method=POST uri=/auth/token status=200 durationMs=3 requestId=5ff6df1c
2026-10-03 13:49:42.853 [http-nio-8080-exec-9] INFO  [e570842d] [] c.s.filter.JwtAuthFilter - completed method=POST uri=/auth/token status=200 durationMs=3 requestId=e570842d
2026-10-03 13:49:42.861 [http-nio-8080-exec-16] INFO  [ff7ea357] [] c.s.filter.JwtAuthFilter - incoming method=POST uri=/auth/token requestId=ff7ea357
2026-10-03 13:49:42.861 [http-nio-8080-exec-17] INFO  [8d285693] [] c.s.filter.JwtAuthFilter - incoming method=POST uri=/auth/token requestId=8d285693
2026-10-03 13:49:42.862 [http-nio-8080-exec-17] INFO  [8d285693] [] c.s.filter.JwtAuthFilter - completed method=POST uri=/auth/token status=200 durationMs=1 requestId=8d285693
2026-10-03 13:49:42.862 [http-nio-8080-exec-16] INFO  [ff7ea357] [] c.s.filter.JwtAuthFilter - completed method=POST uri=/auth/token status=200 durationMs=1 requestId=ff7ea357
2026-10-03 13:49:42.869 [http-nio-8080-exec-20] INFO  [f0f9ad9b] [] c.s.filter.JwtAuthFilter - incoming method=POST uri=/auth/token requestId=f0f9ad9b
2026-10-03 13:49:42.873 [http-nio-8080-exec-20] INFO  [f0f9ad9b] [] c.s.filter.JwtAuthFilter - completed method=POST uri=/auth/token status=200 durationMs=4 requestId=f0f9ad9b
2026-10-03 13:49:42.878 [http-nio-8080-exec-3] INFO  [bea068c7] [] c.s.filter.JwtAuthFilter - incoming method=POST uri=/auth/token requestId=bea068c7
2026-10-03 13:49:42.879 [http-nio-8080-exec-2] INFO  [4efa9c05] [] c.s.filter.JwtAuthFilter - incoming method=POST uri=/auth/token requestId=4efa9c05
2026-10-03 13:49:42.881 [http-nio-8080-exec-2] INFO  [4efa9c05] [] c.s.filter.JwtAuthFilter - completed method=POST uri=/auth/token status=200 durationMs=2 requestId=4efa9c05
2026-10-03 13:49:42.882 [http-nio-8080-exec-3] INFO  [bea068c7] [] c.s.filter.JwtAuthFilter - completed method=POST uri=/auth/token status=200 durationMs=4 requestId=bea068c7
2026-10-03 13:49:42.882 [http-nio-8080-exec-4] INFO  [2c88f7f5] [] c.s.filter.JwtAuthFilter - incoming method=POST uri=/auth/token requestId=2c88f7f5
2026-10-03 13:49:42.883 [http-nio-8080-exec-6] INFO  [f461045b] [] c.s.filter.JwtAuthFilter - incoming method=POST uri=/auth/token requestId=f461045b
2026-10-03 13:49:42.884 [http-nio-8080-exec-6] INFO  [f461045b] [] c.s.filter.JwtAuthFilter - completed method=POST uri=/auth/token status=200 durationMs=2 requestId=f461045b
2026-10-03 13:49:42.884 [http-nio-8080-exec-4] INFO  [2c88f7f5] [] c.s.filter.JwtAuthFilter - completed method=POST uri=/auth/token status=200 durationMs=2 requestId=2c88f7f5
2026-10-03 13:49:42.889 [http-nio-8080-exec-8] INFO  [de85ce93] [] c.s.filter.JwtAuthFilter - incoming method=POST uri=/auth/token requestId=de85ce93
2026-10-03 13:49:42.891 [http-nio-8080-exec-8] INFO  [de85ce93] [] c.s.filter.JwtAuthFilter - completed method=POST uri=/auth/token status=200 durationMs=2 requestId=de85ce93
2026-10-03 13:49:42.898 [http-nio-8080-exec-13] INFO  [8b71dc10] [] c.s.filter.JwtAuthFilter - incoming method=POST uri=/auth/token requestId=8b71dc10
2026-10-03 13:49:42.900 [http-nio-8080-exec-13] INFO  [8b71dc10] [] c.s.filter.JwtAuthFilter - completed method=POST uri=/auth/token status=200 durationMs=2 requestId=8b71dc10
2026-10-03 13:49:42.903 [http-nio-8080-exec-15] INFO  [ff63325e] [] c.s.filter.JwtAuthFilter - incoming method=POST uri=/auth/token requestId=ff63325e
2026-10-03 13:49:42.903 [http-nio-8080-exec-14] INFO  [ad10db14] [] c.s.filter.JwtAuthFilter - incoming method=POST uri=/auth/token requestId=ad10db14
2026-10-03 13:49:42.904 [http-nio-8080-exec-16] INFO  [5f4acfca] [] c.s.filter.JwtAuthFilter - incoming method=POST uri=/auth/token requestId=5f4acfca
2026-10-03 13:49:42.905 [http-nio-8080-exec-15] INFO  [ff63325e] [] c.s.filter.JwtAuthFilter - completed method=POST uri=/auth/token status=200 durationMs=2 requestId=ff63325e
2026-10-03 13:49:42.905 [http-nio-8080-exec-14] INFO  [ad10db14] [] c.s.filter.JwtAuthFilter - completed method=POST uri=/auth/token status=200 durationMs=2 requestId=ad10db14
2026-10-03 13:49:42.906 [http-nio-8080-exec-16] INFO  [5f4acfca] [] c.s.filter.JwtAuthFilter - completed method=POST uri=/auth/token status=200 durationMs=1 requestId=5f4acfca
2026-10-03 13:49:42.906 [http-nio-8080-exec-17] INFO  [bd5915eb] [] c.s.filter.JwtAuthFilter - incoming method=POST uri=/auth/token requestId=bd5915eb
2026-10-03 13:49:42.906 [http-nio-8080-exec-18] INFO  [b51ad443] [] c.s.filter.JwtAuthFilter - incoming method=POST uri=/auth/token requestId=b51ad443
2026-10-03 13:49:42.907 [http-nio-8080-exec-18] INFO  [b51ad443] [] c.s.filter.JwtAuthFilter - completed method=POST uri=/auth/token status=200 durationMs=1 requestId=b51ad443
2026-10-03 13:49:42.908 [http-nio-8080-exec-17] INFO  [bd5915eb] [] c.s.filter.JwtAuthFilter - completed method=POST uri=/auth/token status=200 durationMs=2 requestId=bd5915eb
2026-10-03 13:49:42.914 [http-nio-8080-exec-5] INFO  [c0d90d48] [] c.s.filter.JwtAuthFilter - incoming method=POST uri=/auth/token requestId=c0d90d48
2026-10-03 13:49:42.914 [http-nio-8080-exec-4] INFO  [c98aba04] [] c.s.filter.JwtAuthFilter - incoming method=POST uri=/auth/token requestId=c98aba04
2026-10-03 13:49:42.914 [http-nio-8080-exec-6] INFO  [32cb7623] [] c.s.filter.JwtAuthFilter - incoming method=POST uri=/auth/token requestId=32cb7623
2026-10-03 13:49:42.915 [http-nio-8080-exec-7] INFO  [cea56efa] [] c.s.filter.JwtAuthFilter - incoming method=POST uri=/auth/token requestId=cea56efa
2026-10-03 13:49:42.916 [http-nio-8080-exec-4] INFO  [c98aba04] [] c.s.filter.JwtAuthFilter - completed method=POST uri=/auth/token status=200 durationMs=2 requestId=c98aba04
2026-10-03 13:49:42.916 [http-nio-8080-exec-6] INFO  [32cb7623] [] c.s.filter.JwtAuthFilter - completed method=POST uri=/auth/token status=200 durationMs=2 requestId=32cb7623
2026-10-03 13:49:42.916 [http-nio-8080-exec-5] INFO  [c0d90d48] [] c.s.filter.JwtAuthFilter - completed method=POST uri=/auth/token status=200 durationMs=2 requestId=c0d90d48
2026-10-03 13:49:42.916 [http-nio-8080-exec-7] INFO  [cea56efa] [] c.s.filter.JwtAuthFilter - completed method=POST uri=/auth/token status=200 durationMs=1 requestId=cea56efa
2026-10-03 13:49:42.922 [http-nio-8080-exec-13] INFO  [52723667] [] c.s.filter.JwtAuthFilter - incoming method=POST uri=/auth/token requestId=52723667
2026-10-03 13:49:42.922 [http-nio-8080-exec-12] INFO  [cd4bcd0e] [] c.s.filter.JwtAuthFilter - incoming method=POST uri=/auth/token requestId=cd4bcd0e
2026-10-03 13:49:42.923 [http-nio-8080-exec-12] INFO  [cd4bcd0e] [] c.s.filter.JwtAuthFilter - completed method=POST uri=/auth/token status=200 durationMs=1 requestId=cd4bcd0e
2026-10-03 13:49:42.924 [http-nio-8080-exec-15] INFO  [5cf0d6e5] [] c.s.filter.JwtAuthFilter - incoming method=POST uri=/auth/token requestId=5cf0d6e5
2026-10-03 13:49:42.924 [http-nio-8080-exec-13] INFO  [52723667] [] c.s.filter.JwtAuthFilter - completed method=POST uri=/auth/token status=200 durationMs=2 requestId=52723667
2026-10-03 13:49:42.925 [http-nio-8080-exec-15] INFO  [5cf0d6e5] [] c.s.filter.JwtAuthFilter - completed method=POST uri=/auth/token status=200 durationMs=1 requestId=5cf0d6e5
2026-10-03 13:49:42.927 [http-nio-8080-exec-20] INFO  [42870976] [] c.s.filter.JwtAuthFilter - incoming method=POST uri=/auth/token requestId=42870976
2026-10-03 13:49:42.928 [http-nio-8080-exec-1] INFO  [a6168ccc] [] c.s.filter.JwtAuthFilter - incoming method=POST uri=/auth/token requestId=a6168ccc
2026-10-03 13:49:42.929 [http-nio-8080-exec-20] INFO  [42870976] [] c.s.filter.JwtAuthFilter - completed method=POST uri=/auth/token status=200 durationMs=2 requestId=42870976
2026-10-03 13:49:42.929 [http-nio-8080-exec-1] INFO  [a6168ccc] [] c.s.filter.JwtAuthFilter - completed method=POST uri=/auth/token status=200 durationMs=1 requestId=a6168ccc
2026-10-03 13:49:42.934 [http-nio-8080-exec-3] INFO  [ac8846ec] [] c.s.filter.JwtAuthFilter - incoming method=POST uri=/auth/token requestId=ac8846ec
2026-10-03 13:49:42.935 [http-nio-8080-exec-3] INFO  [ac8846ec] [] c.s.filter.JwtAuthFilter - completed method=POST uri=/auth/token status=200 durationMs=1 requestId=ac8846ec
2026-10-03 13:49:42.936 [http-nio-8080-exec-3] INFO  [34b52a8f] [] c.s.filter.JwtAuthFilter - incoming method=POST uri=/auth/token requestId=34b52a8f
2026-10-03 13:49:42.938 [http-nio-8080-exec-3] INFO  [34b52a8f] [] c.s.filter.JwtAuthFilter - completed method=POST uri=/auth/token status=200 durationMs=2 requestId=34b52a8f
2026-10-03 13:49:42.943 [http-nio-8080-exec-7] INFO  [2b5784db] [] c.s.filter.JwtAuthFilter - incoming method=POST uri=/auth/token requestId=2b5784db
2026-10-03 13:49:42.944 [http-nio-8080-exec-5] INFO  [c7bfccc0] [] c.s.filter.JwtAuthFilter - incoming method=POST uri=/auth/token requestId=c7bfccc0
2026-10-03 13:49:42.945 [http-nio-8080-exec-5] INFO  [c7bfccc0] [] c.s.filter.JwtAuthFilter - completed method=POST uri=/auth/token status=200 durationMs=1 requestId=c7bfccc0
2026-10-03 13:49:42.947 [http-nio-8080-exec-7] INFO  [2b5784db] [] c.s.filter.JwtAuthFilter - completed method=POST uri=/auth/token status=200 durationMs=4 requestId=2b5784db
2026-10-03 13:49:42.957 [http-nio-8080-exec-9] INFO  [e8ae7ca8] [] c.s.filter.JwtAuthFilter - incoming method=POST uri=/auth/token requestId=e8ae7ca8
2026-10-03 13:49:42.958 [http-nio-8080-exec-10] INFO  [24d93a99] [] c.s.filter.JwtAuthFilter - incoming method=POST uri=/auth/token requestId=24d93a99
2026-10-03 13:49:42.958 [http-nio-8080-exec-8] INFO  [48ded1c5] [] c.s.filter.JwtAuthFilter - incoming method=POST uri=/auth/token requestId=48ded1c5
2026-10-03 13:49:42.959 [http-nio-8080-exec-13] INFO  [d1847ef7] [] c.s.filter.JwtAuthFilter - incoming method=POST uri=/auth/token requestId=d1847ef7
2026-10-03 13:49:42.959 [http-nio-8080-exec-9] INFO  [e8ae7ca8] [] c.s.filter.JwtAuthFilter - completed method=POST uri=/auth/token status=200 durationMs=2 requestId=e8ae7ca8
2026-10-03 13:49:42.960 [http-nio-8080-exec-10] INFO  [24d93a99] [] c.s.filter.JwtAuthFilter - completed method=POST uri=/auth/token status=200 durationMs=3 requestId=24d93a99
2026-10-03 13:49:42.960 [http-nio-8080-exec-8] INFO  [48ded1c5] [] c.s.filter.JwtAuthFilter - completed method=POST uri=/auth/token status=200 durationMs=2 requestId=48ded1c5
2026-10-03 13:49:42.961 [http-nio-8080-exec-13] INFO  [d1847ef7] [] c.s.filter.JwtAuthFilter - completed method=POST uri=/auth/token status=200 durationMs=2 requestId=d1847ef7
2026-10-03 13:49:42.969 [http-nio-8080-exec-20] INFO  [4b1846ae] [] c.s.filter.JwtAuthFilter - incoming method=POST uri=/auth/token requestId=4b1846ae
2026-10-03 13:49:42.970 [http-nio-8080-exec-20] INFO  [4b1846ae] [] c.s.filter.JwtAuthFilter - completed method=POST uri=/auth/token status=200 durationMs=2 requestId=4b1846ae
2026-10-03 13:49:42.973 [http-nio-8080-exec-1] INFO  [a7b46bf9] [] c.s.filter.JwtAuthFilter - incoming method=POST uri=/auth/token requestId=a7b46bf9
2026-10-03 13:49:42.974 [http-nio-8080-exec-1] INFO  [a7b46bf9] [] c.s.filter.JwtAuthFilter - completed method=POST uri=/auth/token status=200 durationMs=1 requestId=a7b46bf9
2026-10-03 13:49:42.976 [http-nio-8080-exec-18] INFO  [baa4a912] [] c.s.filter.JwtAuthFilter - incoming method=POST uri=/auth/token requestId=baa4a912
2026-10-03 13:49:42.979 [http-nio-8080-exec-17] INFO  [ccf81660] [] c.s.filter.JwtAuthFilter - incoming method=POST uri=/auth/token requestId=ccf81660
2026-10-03 13:49:42.980 [http-nio-8080-exec-18] INFO  [baa4a912] [] c.s.filter.JwtAuthFilter - completed method=POST uri=/auth/token status=200 durationMs=4 requestId=baa4a912
2026-10-03 13:49:42.981 [http-nio-8080-exec-17] INFO  [ccf81660] [] c.s.filter.JwtAuthFilter - completed method=POST uri=/auth/token status=200 durationMs=3 requestId=ccf81660
2026-10-03 13:49:42.984 [http-nio-8080-exec-18] INFO  [8dfb399f] [] c.s.filter.JwtAuthFilter - incoming method=POST uri=/auth/token requestId=8dfb399f
2026-10-03 13:49:42.986 [http-nio-8080-exec-18] INFO  [8dfb399f] [] c.s.filter.JwtAuthFilter - completed method=POST uri=/auth/token status=200 durationMs=5 requestId=8dfb399f
2026-10-03 13:49:42.986 [http-nio-8080-exec-17] INFO  [23472171] [] c.s.filter.JwtAuthFilter - incoming method=POST uri=/auth/token requestId=23472171
2026-10-03 13:49:42.987 [http-nio-8080-exec-17] INFO  [23472171] [] c.s.filter.JwtAuthFilter - completed method=POST uri=/auth/token status=200 durationMs=6 requestId=23472171
2026-10-03 13:49:42.988 [http-nio-8080-exec-17] INFO  [50c9ce00] [] c.s.filter.JwtAuthFilter - incoming method=POST uri=/auth/token requestId=50c9ce00
2026-10-03 13:49:42.990 [http-nio-8080-exec-17] INFO  [50c9ce00] [] c.s.filter.JwtAuthFilter - completed method=POST uri=/auth/token status=200 durationMs=2 requestId=50c9ce00
2026-10-03 13:49:42.992 [http-nio-8080-exec-11] INFO  [1dc18ef6] [] c.s.filter.JwtAuthFilter - incoming method=POST uri=/auth/token requestId=1dc18ef6
2026-10-03 13:49:42.994 [http-nio-8080-exec-8] INFO  [0259f56a] [] c.s.filter.JwtAuthFilter - incoming method=POST uri=/auth/token requestId=0259f56a
2026-10-03 13:49:42.994 [http-nio-8080-exec-11] INFO  [1dc18ef6] [] c.s.filter.JwtAuthFilter - completed method=POST uri=/auth/token status=200 durationMs=2 requestId=1dc18ef6
2026-10-03 13:49:42.995 [http-nio-8080-exec-11] INFO  [febdc9bf] [] c.s.filter.JwtAuthFilter - incoming method=POST uri=/auth/token requestId=febdc9bf
2026-10-03 13:49:42.995 [http-nio-8080-exec-13] INFO  [9a6290b6] [] c.s.filter.JwtAuthFilter - incoming method=POST uri=/auth/token requestId=9a6290b6
2026-10-03 13:49:42.996 [http-nio-8080-exec-11] INFO  [febdc9bf] [] c.s.filter.JwtAuthFilter - completed method=POST uri=/auth/token status=200 durationMs=1 requestId=febdc9bf
2026-10-03 13:49:42.996 [http-nio-8080-exec-11] INFO  [d4d244d4] [] c.s.filter.JwtAuthFilter - incoming method=POST uri=/auth/token requestId=d4d244d4
2026-10-03 13:49:42.997 [http-nio-8080-exec-11] INFO  [d4d244d4] [] c.s.filter.JwtAuthFilter - completed method=POST uri=/auth/token status=200 durationMs=1 requestId=d4d244d4
2026-10-03 13:49:42.998 [http-nio-8080-exec-13] INFO  [9a6290b6] [] c.s.filter.JwtAuthFilter - completed method=POST uri=/auth/token status=200 durationMs=3 requestId=9a6290b6
2026-10-03 13:49:42.998 [http-nio-8080-exec-8] INFO  [0259f56a] [] c.s.filter.JwtAuthFilter - completed method=POST uri=/auth/token status=200 durationMs=4 requestId=0259f56a
2026-10-03 13:49:43.002 [http-nio-8080-exec-19] INFO  [484f6a17] [] c.s.filter.JwtAuthFilter - incoming method=POST uri=/auth/token requestId=484f6a17
2026-10-03 13:49:43.003 [http-nio-8080-exec-6] INFO  [581cd4e2] [] c.s.filter.JwtAuthFilter - incoming method=POST uri=/auth/token requestId=581cd4e2
2026-10-03 13:49:43.004 [http-nio-8080-exec-19] INFO  [484f6a17] [] c.s.filter.JwtAuthFilter - completed method=POST uri=/auth/token status=200 durationMs=2 requestId=484f6a17
2026-10-03 13:49:43.005 [http-nio-8080-exec-18] INFO  [d54a6565] [] c.s.filter.JwtAuthFilter - incoming method=POST uri=/auth/token requestId=d54a6565
2026-10-03 13:49:43.005 [http-nio-8080-exec-6] INFO  [581cd4e2] [] c.s.filter.JwtAuthFilter - completed method=POST uri=/auth/token status=200 durationMs=2 requestId=581cd4e2
2026-10-03 13:49:43.005 [http-nio-8080-exec-5] INFO  [8df03b96] [] c.s.filter.JwtAuthFilter - incoming method=POST uri=/auth/token requestId=8df03b96
2026-10-03 13:49:43.005 [http-nio-8080-exec-19] INFO  [09a833c5] [] c.s.filter.JwtAuthFilter - incoming method=POST uri=/auth/token requestId=09a833c5
2026-10-03 13:49:43.006 [http-nio-8080-exec-6] INFO  [8199b683] [] c.s.filter.JwtAuthFilter - incoming method=POST uri=/auth/token requestId=8199b683
2026-10-03 13:49:43.006 [http-nio-8080-exec-18] INFO  [d54a6565] [] c.s.filter.JwtAuthFilter - completed method=POST uri=/auth/token status=200 durationMs=1 requestId=d54a6565
2026-10-03 13:49:43.006 [http-nio-8080-exec-5] INFO  [8df03b96] [] c.s.filter.JwtAuthFilter - completed method=POST uri=/auth/token status=200 durationMs=1 requestId=8df03b96
2026-10-03 13:49:43.007 [http-nio-8080-exec-19] INFO  [09a833c5] [] c.s.filter.JwtAuthFilter - completed method=POST uri=/auth/token status=200 durationMs=2 requestId=09a833c5
2026-10-03 13:49:43.007 [http-nio-8080-exec-6] INFO  [8199b683] [] c.s.filter.JwtAuthFilter - completed method=POST uri=/auth/token status=200 durationMs=1 requestId=8199b683
2026-10-03 13:49:43.008 [http-nio-8080-exec-12] INFO  [9a9efcb3] [] c.s.filter.JwtAuthFilter - incoming method=POST uri=/auth/token requestId=9a9efcb3
2026-10-03 13:49:43.011 [http-nio-8080-exec-12] INFO  [9a9efcb3] [] c.s.filter.JwtAuthFilter - completed method=POST uri=/auth/token status=200 durationMs=3 requestId=9a9efcb3
2026-10-03 13:49:43.013 [http-nio-8080-exec-8] INFO  [5c885d94] [] c.s.filter.JwtAuthFilter - incoming method=POST uri=/auth/token requestId=5c885d94
2026-10-03 13:49:43.014 [http-nio-8080-exec-13] INFO  [47e020a3] [] c.s.filter.JwtAuthFilter - incoming method=POST uri=/auth/token requestId=47e020a3
2026-10-03 13:49:43.015 [http-nio-8080-exec-8] INFO  [5c885d94] [] c.s.filter.JwtAuthFilter - completed method=POST uri=/auth/token status=200 durationMs=2 requestId=5c885d94
2026-10-03 13:49:43.016 [http-nio-8080-exec-13] INFO  [47e020a3] [] c.s.filter.JwtAuthFilter - completed method=POST uri=/auth/token status=200 durationMs=3 requestId=47e020a3
2026-10-03 13:49:43.022 [http-nio-8080-exec-3] INFO  [10b8bc15] [] c.s.filter.JwtAuthFilter - incoming method=POST uri=/auth/token requestId=10b8bc15
2026-10-03 13:49:43.025 [http-nio-8080-exec-3] INFO  [10b8bc15] [] c.s.filter.JwtAuthFilter - completed method=POST uri=/auth/token status=200 durationMs=3 requestId=10b8bc15
2026-10-03 13:49:43.029 [http-nio-8080-exec-4] INFO  [f3ab3b85] [] c.s.filter.JwtAuthFilter - incoming method=POST uri=/auth/token requestId=f3ab3b85
2026-10-03 13:49:43.031 [http-nio-8080-exec-4] INFO  [f3ab3b85] [] c.s.filter.JwtAuthFilter - completed method=POST uri=/auth/token status=200 durationMs=2 requestId=f3ab3b85
2026-10-03 13:49:43.033 [http-nio-8080-exec-17] INFO  [cb6b7d6c] [] c.s.filter.JwtAuthFilter - incoming method=POST uri=/auth/token requestId=cb6b7d6c
2026-10-03 13:49:43.033 [http-nio-8080-exec-18] INFO  [3185b5c2] [] c.s.filter.JwtAuthFilter - incoming method=POST uri=/auth/token requestId=3185b5c2
2026-10-03 13:49:43.034 [http-nio-8080-exec-9] INFO  [efff4ddf] [] c.s.filter.JwtAuthFilter - incoming method=POST uri=/auth/token requestId=efff4ddf
2026-10-03 13:49:43.034 [http-nio-8080-exec-5] INFO  [967b685c] [] c.s.filter.JwtAuthFilter - incoming method=POST uri=/auth/token requestId=967b685c
2026-10-03 13:49:43.035 [http-nio-8080-exec-19] INFO  [76d4af08] [] c.s.filter.JwtAuthFilter - incoming method=POST uri=/auth/token requestId=76d4af08
2026-10-03 13:49:43.035 [http-nio-8080-exec-18] INFO  [3185b5c2] [] c.s.filter.JwtAuthFilter - completed method=POST uri=/auth/token status=200 durationMs=2 requestId=3185b5c2
2026-10-03 13:49:43.035 [http-nio-8080-exec-6] INFO  [e22682fe] [] c.s.filter.JwtAuthFilter - incoming method=POST uri=/auth/token requestId=e22682fe
2026-10-03 13:49:43.036 [http-nio-8080-exec-17] INFO  [cb6b7d6c] [] c.s.filter.JwtAuthFilter - completed method=POST uri=/auth/token status=200 durationMs=3 requestId=cb6b7d6c
2026-10-03 13:49:43.036 [http-nio-8080-exec-9] INFO  [efff4ddf] [] c.s.filter.JwtAuthFilter - completed method=POST uri=/auth/token status=200 durationMs=1 requestId=efff4ddf
2026-10-03 13:49:43.036 [http-nio-8080-exec-5] INFO  [967b685c] [] c.s.filter.JwtAuthFilter - completed method=POST uri=/auth/token status=200 durationMs=2 requestId=967b685c
2026-10-03 13:49:43.037 [http-nio-8080-exec-19] INFO  [76d4af08] [] c.s.filter.JwtAuthFilter - completed method=POST uri=/auth/token status=200 durationMs=2 requestId=76d4af08
2026-10-03 13:49:43.038 [http-nio-8080-exec-5] INFO  [09e2c296] [] c.s.filter.JwtAuthFilter - incoming method=POST uri=/auth/token requestId=09e2c296
2026-10-03 13:49:43.039 [http-nio-8080-exec-6] INFO  [e22682fe] [] c.s.filter.JwtAuthFilter - completed method=POST uri=/auth/token status=200 durationMs=4 requestId=e22682fe
2026-10-03 13:49:43.042 [http-nio-8080-exec-5] INFO  [09e2c296] [] c.s.filter.JwtAuthFilter - completed method=POST uri=/auth/token status=200 durationMs=4 requestId=09e2c296
2026-10-03 13:49:43.045 [http-nio-8080-exec-8] INFO  [41aead81] [] c.s.filter.JwtAuthFilter - incoming method=POST uri=/auth/token requestId=41aead81
2026-10-03 13:49:43.047 [http-nio-8080-exec-8] INFO  [41aead81] [] c.s.filter.JwtAuthFilter - completed method=POST uri=/auth/token status=200 durationMs=2 requestId=41aead81
2026-10-03 13:49:43.048 [http-nio-8080-exec-13] INFO  [70ec8728] [] c.s.filter.JwtAuthFilter - incoming method=POST uri=/auth/token requestId=70ec8728
2026-10-03 13:49:43.049 [http-nio-8080-exec-1] INFO  [3f387644] [] c.s.filter.JwtAuthFilter - incoming method=POST uri=/auth/token requestId=3f387644
2026-10-03 13:49:43.050 [http-nio-8080-exec-13] INFO  [70ec8728] [] c.s.filter.JwtAuthFilter - completed method=POST uri=/auth/token status=200 durationMs=2 requestId=70ec8728
2026-10-03 13:49:43.051 [http-nio-8080-exec-1] INFO  [3f387644] [] c.s.filter.JwtAuthFilter - completed method=POST uri=/auth/token status=200 durationMs=2 requestId=3f387644
2026-10-03 13:49:43.057 [http-nio-8080-exec-17] INFO  [9a19744b] [] c.s.filter.JwtAuthFilter - incoming method=POST uri=/auth/token requestId=9a19744b
2026-10-03 13:49:43.057 [http-nio-8080-exec-10] INFO  [1dcd8cb4] [] c.s.filter.JwtAuthFilter - incoming method=POST uri=/auth/token requestId=1dcd8cb4
2026-10-03 13:49:43.059 [http-nio-8080-exec-17] INFO  [9a19744b] [] c.s.filter.JwtAuthFilter - completed method=POST uri=/auth/token status=200 durationMs=2 requestId=9a19744b
2026-10-03 13:49:43.059 [http-nio-8080-exec-10] INFO  [1dcd8cb4] [] c.s.filter.JwtAuthFilter - completed method=POST uri=/auth/token status=200 durationMs=2 requestId=1dcd8cb4
2026-10-03 13:49:43.059 [http-nio-8080-exec-10] INFO  [808f7f5f] [] c.s.filter.JwtAuthFilter - incoming method=POST uri=/auth/token requestId=808f7f5f
2026-10-03 13:49:43.059 [http-nio-8080-exec-17] INFO  [8e32d1e8] [] c.s.filter.JwtAuthFilter - incoming method=POST uri=/auth/token requestId=8e32d1e8
2026-10-03 13:49:43.060 [http-nio-8080-exec-17] INFO  [8e32d1e8] [] c.s.filter.JwtAuthFilter - completed method=POST uri=/auth/token status=200 durationMs=1 requestId=8e32d1e8
2026-10-03 13:49:43.062 [http-nio-8080-exec-10] INFO  [808f7f5f] [] c.s.filter.JwtAuthFilter - completed method=POST uri=/auth/token status=200 durationMs=3 requestId=808f7f5f
2026-10-03 13:49:43.063 [http-nio-8080-exec-6] INFO  [748a1578] [] c.s.filter.JwtAuthFilter - incoming method=POST uri=/auth/token requestId=748a1578
2026-10-03 13:49:43.063 [http-nio-8080-exec-5] INFO  [3340f24d] [] c.s.filter.JwtAuthFilter - incoming method=POST uri=/auth/token requestId=3340f24d
2026-10-03 13:49:43.064 [http-nio-8080-exec-11] INFO  [18bfc298] [] c.s.filter.JwtAuthFilter - incoming method=POST uri=/auth/token requestId=18bfc298
2026-10-03 13:49:43.065 [http-nio-8080-exec-14] INFO  [acc658ac] [] c.s.filter.JwtAuthFilter - incoming method=POST uri=/auth/token requestId=acc658ac
2026-10-03 13:49:43.065 [http-nio-8080-exec-11] INFO  [18bfc298] [] c.s.filter.JwtAuthFilter - completed method=POST uri=/auth/token status=200 durationMs=1 requestId=18bfc298
2026-10-03 13:49:43.065 [http-nio-8080-exec-5] INFO  [3340f24d] [] c.s.filter.JwtAuthFilter - completed method=POST uri=/auth/token status=200 durationMs=2 requestId=3340f24d
2026-10-03 13:49:43.066 [http-nio-8080-exec-6] INFO  [748a1578] [] c.s.filter.JwtAuthFilter - completed method=POST uri=/auth/token status=200 durationMs=3 requestId=748a1578
2026-10-03 13:49:43.067 [http-nio-8080-exec-16] INFO  [9d25b2d9] [] c.s.filter.JwtAuthFilter - incoming method=POST uri=/auth/token requestId=9d25b2d9
2026-10-03 13:49:43.067 [http-nio-8080-exec-14] INFO  [acc658ac] [] c.s.filter.JwtAuthFilter - completed method=POST uri=/auth/token status=200 durationMs=2 requestId=acc658ac
2026-10-03 13:49:43.067 [http-nio-8080-exec-8] INFO  [64d5f707] [] c.s.filter.JwtAuthFilter - incoming method=POST uri=/auth/token requestId=64d5f707
2026-10-03 13:49:43.067 [http-nio-8080-exec-6] INFO  [0ae86b07] [] c.s.filter.JwtAuthFilter - incoming method=POST uri=/auth/token requestId=0ae86b07
2026-10-03 13:49:43.068 [http-nio-8080-exec-8] INFO  [64d5f707] [] c.s.filter.JwtAuthFilter - completed method=POST uri=/auth/token status=200 durationMs=1 requestId=64d5f707
2026-10-03 13:49:43.068 [http-nio-8080-exec-16] INFO  [9d25b2d9] [] c.s.filter.JwtAuthFilter - completed method=POST uri=/auth/token status=200 durationMs=1 requestId=9d25b2d9
2026-10-03 13:49:43.069 [http-nio-8080-exec-8] INFO  [52173551] [] c.s.filter.JwtAuthFilter - incoming method=POST uri=/auth/token requestId=52173551
2026-10-03 13:49:43.069 [http-nio-8080-exec-13] INFO  [7b51e333] [] c.s.filter.JwtAuthFilter - incoming method=POST uri=/auth/token requestId=7b51e333
2026-10-03 13:49:43.069 [http-nio-8080-exec-6] INFO  [0ae86b07] [] c.s.filter.JwtAuthFilter - completed method=POST uri=/auth/token status=200 durationMs=2 requestId=0ae86b07
2026-10-03 13:49:43.069 [http-nio-8080-exec-1] INFO  [24ad5110] [] c.s.filter.JwtAuthFilter - incoming method=POST uri=/auth/token requestId=24ad5110
2026-10-03 13:49:43.070 [http-nio-8080-exec-6] INFO  [199741ac] [] c.s.filter.JwtAuthFilter - incoming method=POST uri=/auth/token requestId=199741ac
2026-10-03 13:49:43.070 [http-nio-8080-exec-8] INFO  [52173551] [] c.s.filter.JwtAuthFilter - completed method=POST uri=/auth/token status=200 durationMs=1 requestId=52173551
2026-10-03 13:49:43.071 [http-nio-8080-exec-13] INFO  [7b51e333] [] c.s.filter.JwtAuthFilter - completed method=POST uri=/auth/token status=200 durationMs=2 requestId=7b51e333
2026-10-03 13:49:43.071 [http-nio-8080-exec-6] INFO  [199741ac] [] c.s.filter.JwtAuthFilter - completed method=POST uri=/auth/token status=200 durationMs=1 requestId=199741ac
2026-10-03 13:49:43.072 [http-nio-8080-exec-1] INFO  [24ad5110] [] c.s.filter.JwtAuthFilter - completed method=POST uri=/auth/token status=200 durationMs=3 requestId=24ad5110
2026-10-03 13:49:43.072 [http-nio-8080-exec-1] INFO  [65b3fa58] [] c.s.filter.JwtAuthFilter - incoming method=POST uri=/auth/token requestId=65b3fa58
2026-10-03 13:49:43.074 [http-nio-8080-exec-17] INFO  [9cd957bd] [] c.s.filter.JwtAuthFilter - incoming method=POST uri=/auth/token requestId=9cd957bd
2026-10-03 13:49:43.074 [http-nio-8080-exec-1] INFO  [65b3fa58] [] c.s.filter.JwtAuthFilter - completed method=POST uri=/auth/token status=200 durationMs=2 requestId=65b3fa58
2026-10-03 13:49:43.076 [http-nio-8080-exec-16] INFO  [ece94345] [] c.s.filter.JwtAuthFilter - incoming method=POST uri=/auth/token requestId=ece94345
2026-10-03 13:49:43.076 [http-nio-8080-exec-17] INFO  [9cd957bd] [] c.s.filter.JwtAuthFilter - completed method=POST uri=/auth/token status=200 durationMs=2 requestId=9cd957bd
2026-10-03 13:49:43.078 [http-nio-8080-exec-16] INFO  [ece94345] [] c.s.filter.JwtAuthFilter - completed method=POST uri=/auth/token status=200 durationMs=2 requestId=ece94345
2026-10-03 13:49:43.091 [http-nio-8080-exec-13] INFO  [bd6e6d6c] [] c.s.filter.JwtAuthFilter - incoming method=POST uri=/auth/token requestId=bd6e6d6c
2026-10-03 13:49:43.092 [http-nio-8080-exec-13] INFO  [bd6e6d6c] [] c.s.filter.JwtAuthFilter - completed method=POST uri=/auth/token status=200 durationMs=1 requestId=bd6e6d6c
2026-10-03 13:49:43.098 [http-nio-8080-exec-9] INFO  [874ebdf0] [] c.s.filter.JwtAuthFilter - incoming method=POST uri=/auth/token requestId=874ebdf0
2026-10-03 13:49:43.098 [http-nio-8080-exec-6] INFO  [4b20b76c] [] c.s.filter.JwtAuthFilter - incoming method=POST uri=/auth/token requestId=4b20b76c
2026-10-03 13:49:43.099 [http-nio-8080-exec-9] INFO  [874ebdf0] [] c.s.filter.JwtAuthFilter - completed method=POST uri=/auth/token status=200 durationMs=1 requestId=874ebdf0
2026-10-03 13:49:43.099 [http-nio-8080-exec-6] INFO  [4b20b76c] [] c.s.filter.JwtAuthFilter - completed method=POST uri=/auth/token status=200 durationMs=1 requestId=4b20b76c
2026-10-03 13:49:43.106 [http-nio-8080-exec-5] INFO  [97756094] [] c.s.filter.JwtAuthFilter - incoming method=POST uri=/auth/token requestId=97756094
2026-10-03 13:49:43.106 [http-nio-8080-exec-19] INFO  [05535564] [] c.s.filter.JwtAuthFilter - incoming method=POST uri=/auth/token requestId=05535564
2026-10-03 13:49:43.106 [http-nio-8080-exec-11] INFO  [f044a0c2] [] c.s.filter.JwtAuthFilter - incoming method=POST uri=/auth/token requestId=f044a0c2
2026-10-03 13:49:43.106 [http-nio-8080-exec-20] INFO  [b06d170a] [] c.s.filter.JwtAuthFilter - incoming method=POST uri=/auth/token requestId=b06d170a
2026-10-03 13:49:43.107 [http-nio-8080-exec-15] INFO  [5839e677] [] c.s.filter.JwtAuthFilter - incoming method=POST uri=/auth/token requestId=5839e677
2026-10-03 13:49:43.108 [http-nio-8080-exec-20] INFO  [b06d170a] [] c.s.filter.JwtAuthFilter - completed method=POST uri=/auth/token status=200 durationMs=2 requestId=b06d170a
2026-10-03 13:49:43.108 [http-nio-8080-exec-19] INFO  [05535564] [] c.s.filter.JwtAuthFilter - completed method=POST uri=/auth/token status=200 durationMs=2 requestId=05535564
2026-10-03 13:49:43.108 [http-nio-8080-exec-5] INFO  [97756094] [] c.s.filter.JwtAuthFilter - completed method=POST uri=/auth/token status=200 durationMs=2 requestId=97756094
2026-10-03 13:49:43.108 [http-nio-8080-exec-11] INFO  [f044a0c2] [] c.s.filter.JwtAuthFilter - completed method=POST uri=/auth/token status=200 durationMs=2 requestId=f044a0c2
2026-10-03 13:49:43.108 [http-nio-8080-exec-15] INFO  [5839e677] [] c.s.filter.JwtAuthFilter - completed method=POST uri=/auth/token status=200 durationMs=1 requestId=5839e677
2026-10-03 13:49:43.119 [http-nio-8080-exec-17] INFO  [98acce85] [] c.s.filter.JwtAuthFilter - incoming method=POST uri=/auth/token requestId=98acce85
2026-10-03 13:49:43.120 [http-nio-8080-exec-17] INFO  [98acce85] [] c.s.filter.JwtAuthFilter - completed method=POST uri=/auth/token status=200 durationMs=1 requestId=98acce85
2026-10-03 13:49:43.123 [http-nio-8080-exec-16] INFO  [b7310c1f] [] c.s.filter.JwtAuthFilter - incoming method=POST uri=/auth/token requestId=b7310c1f
2026-10-03 13:49:43.123 [http-nio-8080-exec-7] INFO  [60864fdc] [] c.s.filter.JwtAuthFilter - incoming method=POST uri=/auth/token requestId=60864fdc
2026-10-03 13:49:43.123 [http-nio-8080-exec-13] INFO  [9c7f8f3f] [] c.s.filter.JwtAuthFilter - incoming method=POST uri=/auth/token requestId=9c7f8f3f
2026-10-03 13:49:43.123 [http-nio-8080-exec-8] INFO  [8a12fca4] [] c.s.filter.JwtAuthFilter - incoming method=POST uri=/auth/token requestId=8a12fca4
2026-10-03 13:49:43.125 [http-nio-8080-exec-7] INFO  [60864fdc] [] c.s.filter.JwtAuthFilter - completed method=POST uri=/auth/token status=200 durationMs=2 requestId=60864fdc
2026-10-03 13:49:43.125 [http-nio-8080-exec-13] INFO  [9c7f8f3f] [] c.s.filter.JwtAuthFilter - completed method=POST uri=/auth/token status=200 durationMs=2 requestId=9c7f8f3f
2026-10-03 13:49:43.125 [http-nio-8080-exec-16] INFO  [b7310c1f] [] c.s.filter.JwtAuthFilter - completed method=POST uri=/auth/token status=200 durationMs=2 requestId=b7310c1f
2026-10-03 13:49:43.125 [http-nio-8080-exec-8] INFO  [8a12fca4] [] c.s.filter.JwtAuthFilter - completed method=POST uri=/auth/token status=200 durationMs=2 requestId=8a12fca4
2026-10-03 13:49:43.126 [http-nio-8080-exec-13] INFO  [56ba885e] [] c.s.filter.JwtAuthFilter - incoming method=POST uri=/auth/token requestId=56ba885e
2026-10-03 13:49:43.128 [http-nio-8080-exec-13] INFO  [56ba885e] [] c.s.filter.JwtAuthFilter - completed method=POST uri=/auth/token status=200 durationMs=2 requestId=56ba885e
2026-10-03 13:49:43.133 [http-nio-8080-exec-5] INFO  [cc50e2f7] [] c.s.filter.JwtAuthFilter - incoming method=POST uri=/auth/token requestId=cc50e2f7
2026-10-03 13:49:43.133 [http-nio-8080-exec-15] INFO  [2ef0e14b] [] c.s.filter.JwtAuthFilter - incoming method=POST uri=/auth/token requestId=2ef0e14b
2026-10-03 13:49:43.133 [http-nio-8080-exec-2] INFO  [a651f925] [] c.s.filter.JwtAuthFilter - incoming method=POST uri=/auth/token requestId=a651f925
2026-10-03 13:49:43.133 [http-nio-8080-exec-11] INFO  [f3874cfa] [] c.s.filter.JwtAuthFilter - incoming method=POST uri=/auth/token requestId=f3874cfa
2026-10-03 13:49:43.133 [http-nio-8080-exec-1] INFO  [696323ec] [] c.s.filter.JwtAuthFilter - incoming method=POST uri=/auth/token requestId=696323ec
2026-10-03 13:49:43.133 [http-nio-8080-exec-14] INFO  [83fc4980] [] c.s.filter.JwtAuthFilter - incoming method=POST uri=/auth/token requestId=83fc4980
2026-10-03 13:49:43.133 [http-nio-8080-exec-3] INFO  [88a41fb0] [] c.s.filter.JwtAuthFilter - incoming method=POST uri=/auth/token requestId=88a41fb0
2026-10-03 13:49:43.134 [http-nio-8080-exec-5] INFO  [cc50e2f7] [] c.s.filter.JwtAuthFilter - completed method=POST uri=/auth/token status=200 durationMs=1 requestId=cc50e2f7
2026-10-03 13:49:43.134 [http-nio-8080-exec-14] INFO  [83fc4980] [] c.s.filter.JwtAuthFilter - completed method=POST uri=/auth/token status=200 durationMs=1 requestId=83fc4980
2026-10-03 13:49:43.135 [http-nio-8080-exec-3] INFO  [88a41fb0] [] c.s.filter.JwtAuthFilter - completed method=POST uri=/auth/token status=200 durationMs=2 requestId=88a41fb0
2026-10-03 13:49:43.135 [http-nio-8080-exec-2] INFO  [a651f925] [] c.s.filter.JwtAuthFilter - completed method=POST uri=/auth/token status=200 durationMs=2 requestId=a651f925
2026-10-03 13:49:43.135 [http-nio-8080-exec-1] INFO  [696323ec] [] c.s.filter.JwtAuthFilter - completed method=POST uri=/auth/token status=200 durationMs=2 requestId=696323ec
2026-10-03 13:49:43.135 [http-nio-8080-exec-11] INFO  [f3874cfa] [] c.s.filter.JwtAuthFilter - completed method=POST uri=/auth/token status=200 durationMs=2 requestId=f3874cfa
2026-10-03 13:49:43.135 [http-nio-8080-exec-15] INFO  [2ef0e14b] [] c.s.filter.JwtAuthFilter - completed method=POST uri=/auth/token status=200 durationMs=2 requestId=2ef0e14b
2026-10-03 13:49:43.136 [http-nio-8080-exec-4] INFO  [f48a8546] [] c.s.filter.JwtAuthFilter - incoming method=POST uri=/auth/token requestId=f48a8546
2026-10-03 13:49:43.139 [http-nio-8080-exec-17] INFO  [fb0f3cb2] [] c.s.filter.JwtAuthFilter - incoming method=POST uri=/auth/token requestId=fb0f3cb2
2026-10-03 13:49:43.139 [http-nio-8080-exec-4] INFO  [f48a8546] [] c.s.filter.JwtAuthFilter - completed method=POST uri=/auth/token status=200 durationMs=3 requestId=f48a8546
2026-10-03 13:49:43.141 [http-nio-8080-exec-17] INFO  [fb0f3cb2] [] c.s.filter.JwtAuthFilter - completed method=POST uri=/auth/token status=200 durationMs=2 requestId=fb0f3cb2
2026-10-03 13:49:43.147 [http-nio-8080-exec-20] INFO  [fbf03d91] [] c.s.filter.JwtAuthFilter - incoming method=POST uri=/auth/token requestId=fbf03d91
2026-10-03 13:49:43.149 [http-nio-8080-exec-20] INFO  [fbf03d91] [] c.s.filter.JwtAuthFilter - completed method=POST uri=/auth/token status=200 durationMs=2 requestId=fbf03d91
2026-10-03 13:49:43.151 [http-nio-8080-exec-19] INFO  [e5bc15c1] [] c.s.filter.JwtAuthFilter - incoming method=POST uri=/auth/token requestId=e5bc15c1
2026-10-03 13:49:43.153 [http-nio-8080-exec-19] INFO  [e5bc15c1] [] c.s.filter.JwtAuthFilter - completed method=POST uri=/auth/token status=200 durationMs=2 requestId=e5bc15c1
2026-10-03 13:49:43.159 [http-nio-8080-exec-1] INFO  [76de20dd] [] c.s.filter.JwtAuthFilter - incoming method=POST uri=/auth/token requestId=76de20dd
2026-10-03 13:49:43.160 [http-nio-8080-exec-1] INFO  [76de20dd] [] c.s.filter.JwtAuthFilter - completed method=POST uri=/auth/token status=200 durationMs=1 requestId=76de20dd
2026-10-03 13:49:43.167 [http-nio-8080-exec-2] INFO  [ce53150e] [] c.s.filter.JwtAuthFilter - incoming method=POST uri=/auth/token requestId=ce53150e
2026-10-03 13:49:43.167 [http-nio-8080-exec-11] INFO  [59697bb3] [] c.s.filter.JwtAuthFilter - incoming method=POST uri=/auth/token requestId=59697bb3
2026-10-03 13:49:43.169 [http-nio-8080-exec-2] INFO  [ce53150e] [] c.s.filter.JwtAuthFilter - completed method=POST uri=/auth/token status=200 durationMs=2 requestId=ce53150e
2026-10-03 13:49:43.169 [http-nio-8080-exec-11] INFO  [59697bb3] [] c.s.filter.JwtAuthFilter - completed method=POST uri=/auth/token status=200 durationMs=2 requestId=59697bb3
2026-10-03 13:49:43.170 [http-nio-8080-exec-9] INFO  [19ed3148] [] c.s.filter.JwtAuthFilter - incoming method=POST uri=/auth/token requestId=19ed3148
2026-10-03 13:49:43.171 [http-nio-8080-exec-9] INFO  [19ed3148] [] c.s.filter.JwtAuthFilter - completed method=POST uri=/auth/token status=200 durationMs=1 requestId=19ed3148
2026-10-03 13:49:43.173 [http-nio-8080-exec-8] INFO  [f36f9f44] [] c.s.filter.JwtAuthFilter - incoming method=POST uri=/auth/token requestId=f36f9f44
2026-10-03 13:49:43.173 [http-nio-8080-exec-15] INFO  [9c045249] [] c.s.filter.JwtAuthFilter - incoming method=POST uri=/auth/token requestId=9c045249
2026-10-03 13:49:43.175 [http-nio-8080-exec-8] INFO  [f36f9f44] [] c.s.filter.JwtAuthFilter - completed method=POST uri=/auth/token status=200 durationMs=2 requestId=f36f9f44
2026-10-03 13:49:43.175 [http-nio-8080-exec-6] INFO  [21e5b86e] [] c.s.filter.JwtAuthFilter - incoming method=POST uri=/auth/token requestId=21e5b86e
2026-10-03 13:49:43.176 [http-nio-8080-exec-8] INFO  [19a25796] [] c.s.filter.JwtAuthFilter - incoming method=POST uri=/auth/token requestId=19a25796
2026-10-03 13:49:43.177 [http-nio-8080-exec-8] INFO  [19a25796] [] c.s.filter.JwtAuthFilter - completed method=POST uri=/auth/token status=200 durationMs=1 requestId=19a25796
2026-10-03 13:49:43.177 [http-nio-8080-exec-6] INFO  [21e5b86e] [] c.s.filter.JwtAuthFilter - completed method=POST uri=/auth/token status=200 durationMs=2 requestId=21e5b86e
2026-10-03 13:49:43.179 [http-nio-8080-exec-13] INFO  [1073fc17] [] c.s.filter.JwtAuthFilter - incoming method=POST uri=/auth/token requestId=1073fc17
2026-10-03 13:49:43.179 [http-nio-8080-exec-20] INFO  [c75eba33] [] c.s.filter.JwtAuthFilter - incoming method=POST uri=/auth/token requestId=c75eba33
2026-10-03 13:49:43.180 [http-nio-8080-exec-15] INFO  [9c045249] [] c.s.filter.JwtAuthFilter - completed method=POST uri=/auth/token status=200 durationMs=7 requestId=9c045249
2026-10-03 13:49:43.181 [http-nio-8080-exec-13] INFO  [1073fc17] [] c.s.filter.JwtAuthFilter - completed method=POST uri=/auth/token status=200 durationMs=4 requestId=1073fc17
2026-10-03 13:49:43.181 [http-nio-8080-exec-20] INFO  [c75eba33] [] c.s.filter.JwtAuthFilter - completed method=POST uri=/auth/token status=200 durationMs=2 requestId=c75eba33
2026-10-03 13:49:43.183 [http-nio-8080-exec-14] INFO  [fc8b70f2] [] c.s.filter.JwtAuthFilter - incoming method=POST uri=/auth/token requestId=fc8b70f2
2026-10-03 13:49:43.183 [http-nio-8080-exec-19] INFO  [3acffffe] [] c.s.filter.JwtAuthFilter - incoming method=POST uri=/auth/token requestId=3acffffe
2026-10-03 13:49:43.184 [http-nio-8080-exec-14] INFO  [fc8b70f2] [] c.s.filter.JwtAuthFilter - completed method=POST uri=/auth/token status=200 durationMs=1 requestId=fc8b70f2
2026-10-03 13:49:43.184 [http-nio-8080-exec-19] INFO  [3acffffe] [] c.s.filter.JwtAuthFilter - completed method=POST uri=/auth/token status=200 durationMs=1 requestId=3acffffe
2026-10-03 13:49:43.189 [http-nio-8080-exec-2] INFO  [e0c0f537] [] c.s.filter.JwtAuthFilter - incoming method=POST uri=/auth/token requestId=e0c0f537
2026-10-03 13:49:43.190 [http-nio-8080-exec-2] INFO  [e0c0f537] [] c.s.filter.JwtAuthFilter - completed method=POST uri=/auth/token status=200 durationMs=1 requestId=e0c0f537
2026-10-03 13:49:43.195 [http-nio-8080-exec-3] INFO  [42f91e6d] [] c.s.filter.JwtAuthFilter - incoming method=POST uri=/auth/token requestId=42f91e6d
2026-10-03 13:49:43.197 [http-nio-8080-exec-16] INFO  [b209fc2d] [] c.s.filter.JwtAuthFilter - incoming method=POST uri=/auth/token requestId=b209fc2d
2026-10-03 13:49:43.202 [http-nio-8080-exec-3] INFO  [42f91e6d] [] c.s.filter.JwtAuthFilter - completed method=POST uri=/auth/token status=200 durationMs=7 requestId=42f91e6d
2026-10-03 13:49:43.210 [http-nio-8080-exec-16] INFO  [b209fc2d] [] c.s.filter.JwtAuthFilter - completed method=POST uri=/auth/token status=200 durationMs=13 requestId=b209fc2d
2026-10-03 13:49:43.224 [http-nio-8080-exec-8] INFO  [3be8176e] [] c.s.filter.JwtAuthFilter - incoming method=POST uri=/auth/token requestId=3be8176e
2026-10-03 13:49:43.230 [http-nio-8080-exec-8] INFO  [3be8176e] [] c.s.filter.JwtAuthFilter - completed method=POST uri=/auth/token status=200 durationMs=6 requestId=3be8176e
2026-10-03 13:49:43.234 [http-nio-8080-exec-6] INFO  [6fd3aeee] [] c.s.filter.JwtAuthFilter - incoming method=POST uri=/auth/token requestId=6fd3aeee
2026-10-03 13:49:43.236 [http-nio-8080-exec-6] INFO  [6fd3aeee] [] c.s.filter.JwtAuthFilter - completed method=POST uri=/auth/token status=200 durationMs=2 requestId=6fd3aeee
2026-10-03 13:49:43.238 [http-nio-8080-exec-18] INFO  [ecaba87e] [] c.s.filter.JwtAuthFilter - incoming method=POST uri=/auth/token requestId=ecaba87e
2026-10-03 13:49:43.240 [http-nio-8080-exec-18] INFO  [ecaba87e] [] c.s.filter.JwtAuthFilter - completed method=POST uri=/auth/token status=200 durationMs=2 requestId=ecaba87e
2026-10-03 13:49:43.251 [http-nio-8080-exec-12] INFO  [a35f4516] [] c.s.filter.JwtAuthFilter - incoming method=POST uri=/auth/token requestId=a35f4516
2026-10-03 13:49:43.254 [http-nio-8080-exec-12] INFO  [a35f4516] [] c.s.filter.JwtAuthFilter - completed method=POST uri=/auth/token status=200 durationMs=3 requestId=a35f4516
2026-10-03 13:49:43.265 [http-nio-8080-exec-15] INFO  [1bfb59bc] [] c.s.filter.JwtAuthFilter - incoming method=POST uri=/auth/token requestId=1bfb59bc
2026-10-03 13:49:43.268 [http-nio-8080-exec-15] INFO  [1bfb59bc] [] c.s.filter.JwtAuthFilter - completed method=POST uri=/auth/token status=200 durationMs=3 requestId=1bfb59bc
2026-10-03 13:49:43.274 [http-nio-8080-exec-1] INFO  [6bab1abc] [] c.s.filter.JwtAuthFilter - incoming method=POST uri=/auth/token requestId=6bab1abc
2026-10-03 13:49:43.275 [http-nio-8080-exec-19] INFO  [499418f2] [] c.s.filter.JwtAuthFilter - incoming method=POST uri=/auth/token requestId=499418f2
2026-10-03 13:49:43.275 [http-nio-8080-exec-5] INFO  [a81b596c] [] c.s.filter.JwtAuthFilter - incoming method=POST uri=/auth/token requestId=a81b596c
2026-10-03 13:49:43.275 [http-nio-8080-exec-13] INFO  [6e006ee5] [] c.s.filter.JwtAuthFilter - incoming method=POST uri=/auth/token requestId=6e006ee5
2026-10-03 13:49:43.278 [http-nio-8080-exec-5] INFO  [a81b596c] [] c.s.filter.JwtAuthFilter - completed method=POST uri=/auth/token status=200 durationMs=3 requestId=a81b596c
2026-10-03 13:49:43.278 [http-nio-8080-exec-19] INFO  [499418f2] [] c.s.filter.JwtAuthFilter - completed method=POST uri=/auth/token status=200 durationMs=3 requestId=499418f2
2026-10-03 13:49:43.279 [http-nio-8080-exec-5] INFO  [7b34b2c5] [] c.s.filter.JwtAuthFilter - incoming method=POST uri=/auth/token requestId=7b34b2c5
2026-10-03 13:49:43.279 [http-nio-8080-exec-13] INFO  [6e006ee5] [] c.s.filter.JwtAuthFilter - completed method=POST uri=/auth/token status=200 durationMs=4 requestId=6e006ee5
2026-10-03 13:49:43.279 [http-nio-8080-exec-1] INFO  [6bab1abc] [] c.s.filter.JwtAuthFilter - completed method=POST uri=/auth/token status=200 durationMs=5 requestId=6bab1abc
2026-10-03 13:49:43.280 [http-nio-8080-exec-1] INFO  [05897b1e] [] c.s.filter.JwtAuthFilter - incoming method=POST uri=/auth/token requestId=05897b1e
2026-10-03 13:49:43.281 [http-nio-8080-exec-2] INFO  [e3e27119] [] c.s.filter.JwtAuthFilter - incoming method=POST uri=/auth/token requestId=e3e27119
2026-10-03 13:49:43.281 [http-nio-8080-exec-13] INFO  [63314db9] [] c.s.filter.JwtAuthFilter - incoming method=POST uri=/auth/token requestId=63314db9
2026-10-03 13:49:43.281 [http-nio-8080-exec-4] INFO  [46775f77] [] c.s.filter.JwtAuthFilter - incoming method=POST uri=/auth/token requestId=46775f77
2026-10-03 13:49:43.282 [http-nio-8080-exec-7] INFO  [2ddea573] [] c.s.filter.JwtAuthFilter - incoming method=POST uri=/auth/token requestId=2ddea573
2026-10-03 13:49:43.283 [http-nio-8080-exec-5] INFO  [7b34b2c5] [] c.s.filter.JwtAuthFilter - completed method=POST uri=/auth/token status=200 durationMs=4 requestId=7b34b2c5
2026-10-03 13:49:43.283 [http-nio-8080-exec-4] INFO  [46775f77] [] c.s.filter.JwtAuthFilter - completed method=POST uri=/auth/token status=200 durationMs=2 requestId=46775f77
2026-10-03 13:49:43.283 [http-nio-8080-exec-11] INFO  [266a9c5e] [] c.s.filter.JwtAuthFilter - incoming method=POST uri=/auth/token requestId=266a9c5e
2026-10-03 13:49:43.283 [http-nio-8080-exec-13] INFO  [63314db9] [] c.s.filter.JwtAuthFilter - completed method=POST uri=/auth/token status=200 durationMs=4 requestId=63314db9
2026-10-03 13:49:43.284 [http-nio-8080-exec-11] INFO  [266a9c5e] [] c.s.filter.JwtAuthFilter - completed method=POST uri=/auth/token status=200 durationMs=1 requestId=266a9c5e
2026-10-03 13:49:43.284 [http-nio-8080-exec-7] INFO  [2ddea573] [] c.s.filter.JwtAuthFilter - completed method=POST uri=/auth/token status=200 durationMs=2 requestId=2ddea573
2026-10-03 13:49:43.284 [http-nio-8080-exec-1] INFO  [05897b1e] [] c.s.filter.JwtAuthFilter - completed method=POST uri=/auth/token status=200 durationMs=4 requestId=05897b1e
2026-10-03 13:49:43.285 [http-nio-8080-exec-2] INFO  [e3e27119] [] c.s.filter.JwtAuthFilter - completed method=POST uri=/auth/token status=200 durationMs=4 requestId=e3e27119
2026-10-03 13:49:43.286 [http-nio-8080-exec-9] INFO  [430a25f6] [] c.s.filter.JwtAuthFilter - incoming method=POST uri=/auth/token requestId=430a25f6
2026-10-03 13:49:43.288 [http-nio-8080-exec-9] INFO  [430a25f6] [] c.s.filter.JwtAuthFilter - completed method=POST uri=/auth/token status=200 durationMs=2 requestId=430a25f6
2026-10-03 13:49:43.292 [http-nio-8080-exec-18] INFO  [a5f05ab1] [] c.s.filter.JwtAuthFilter - incoming method=POST uri=/auth/token requestId=a5f05ab1
2026-10-03 13:49:43.292 [http-nio-8080-exec-14] INFO  [2c2f0fa0] [] c.s.filter.JwtAuthFilter - incoming method=POST uri=/auth/token requestId=2c2f0fa0
2026-10-03 13:49:43.292 [http-nio-8080-exec-12] INFO  [e2dde797] [] c.s.filter.JwtAuthFilter - incoming method=POST uri=/auth/token requestId=e2dde797
2026-10-03 13:49:43.292 [http-nio-8080-exec-20] INFO  [faf7e30c] [] c.s.filter.JwtAuthFilter - incoming method=POST uri=/auth/token requestId=faf7e30c
2026-10-03 13:49:43.293 [http-nio-8080-exec-15] INFO  [29eb0270] [] c.s.filter.JwtAuthFilter - incoming method=POST uri=/auth/token requestId=29eb0270
2026-10-03 13:49:43.294 [http-nio-8080-exec-14] INFO  [2c2f0fa0] [] c.s.filter.JwtAuthFilter - completed method=POST uri=/auth/token status=200 durationMs=2 requestId=2c2f0fa0
2026-10-03 13:49:43.295 [http-nio-8080-exec-20] INFO  [faf7e30c] [] c.s.filter.JwtAuthFilter - completed method=POST uri=/auth/token status=200 durationMs=3 requestId=faf7e30c
2026-10-03 13:49:43.295 [http-nio-8080-exec-14] INFO  [427e9624] [] c.s.filter.JwtAuthFilter - incoming method=POST uri=/auth/token requestId=427e9624
2026-10-03 13:49:43.295 [http-nio-8080-exec-15] INFO  [29eb0270] [] c.s.filter.JwtAuthFilter - completed method=POST uri=/auth/token status=200 durationMs=2 requestId=29eb0270
2026-10-03 13:49:43.295 [http-nio-8080-exec-14] INFO  [427e9624] [] c.s.filter.JwtAuthFilter - completed method=POST uri=/auth/token status=200 durationMs=0 requestId=427e9624
2026-10-03 13:49:43.296 [http-nio-8080-exec-3] INFO  [37db6035] [] c.s.filter.JwtAuthFilter - incoming method=POST uri=/auth/token requestId=37db6035
2026-10-03 13:49:43.296 [http-nio-8080-exec-14] INFO  [1fd93536] [] c.s.filter.JwtAuthFilter - incoming method=POST uri=/auth/token requestId=1fd93536
2026-10-03 13:49:43.296 [http-nio-8080-exec-3] INFO  [37db6035] [] c.s.filter.JwtAuthFilter - completed method=POST uri=/auth/token status=200 durationMs=0 requestId=37db6035
2026-10-03 13:49:43.296 [http-nio-8080-exec-19] INFO  [6a064c42] [] c.s.filter.JwtAuthFilter - incoming method=POST uri=/auth/token requestId=6a064c42
2026-10-03 13:49:43.296 [http-nio-8080-exec-20] INFO  [1370f068] [] c.s.filter.JwtAuthFilter - incoming method=POST uri=/auth/token requestId=1370f068
2026-10-03 13:49:43.297 [http-nio-8080-exec-15] INFO  [b5a2b7ea] [] c.s.filter.JwtAuthFilter - incoming method=POST uri=/auth/token requestId=b5a2b7ea
2026-10-03 13:49:43.297 [http-nio-8080-exec-20] INFO  [1370f068] [] c.s.filter.JwtAuthFilter - completed method=POST uri=/auth/token status=200 durationMs=1 requestId=1370f068
2026-10-03 13:49:43.297 [http-nio-8080-exec-18] INFO  [a5f05ab1] [] c.s.filter.JwtAuthFilter - completed method=POST uri=/auth/token status=200 durationMs=5 requestId=a5f05ab1
2026-10-03 13:49:43.298 [http-nio-8080-exec-20] INFO  [02dc374b] [] c.s.filter.JwtAuthFilter - incoming method=POST uri=/auth/token requestId=02dc374b
2026-10-03 13:49:43.298 [http-nio-8080-exec-18] INFO  [b954910e] [] c.s.filter.JwtAuthFilter - incoming method=POST uri=/auth/token requestId=b954910e
2026-10-03 13:49:43.299 [http-nio-8080-exec-15] INFO  [b5a2b7ea] [] c.s.filter.JwtAuthFilter - completed method=POST uri=/auth/token status=200 durationMs=2 requestId=b5a2b7ea
2026-10-03 13:49:43.299 [http-nio-8080-exec-12] INFO  [e2dde797] [] c.s.filter.JwtAuthFilter - completed method=POST uri=/auth/token status=200 durationMs=7 requestId=e2dde797
2026-10-03 13:49:43.300 [http-nio-8080-exec-18] INFO  [b954910e] [] c.s.filter.JwtAuthFilter - completed method=POST uri=/auth/token status=200 durationMs=2 requestId=b954910e
2026-10-03 13:49:43.300 [http-nio-8080-exec-18] INFO  [c916c48a] [] c.s.filter.JwtAuthFilter - incoming method=POST uri=/auth/token requestId=c916c48a
2026-10-03 13:49:43.300 [http-nio-8080-exec-19] INFO  [6a064c42] [] c.s.filter.JwtAuthFilter - completed method=POST uri=/auth/token status=200 durationMs=4 requestId=6a064c42
2026-10-03 13:49:43.301 [http-nio-8080-exec-20] INFO  [02dc374b] [] c.s.filter.JwtAuthFilter - completed method=POST uri=/auth/token status=200 durationMs=3 requestId=02dc374b
2026-10-03 13:49:43.301 [http-nio-8080-exec-17] INFO  [2dea5cb3] [] c.s.filter.JwtAuthFilter - incoming method=POST uri=/auth/token requestId=2dea5cb3
2026-10-03 13:49:43.301 [http-nio-8080-exec-15] INFO  [b82372ff] [] c.s.filter.JwtAuthFilter - incoming method=POST uri=/auth/token requestId=b82372ff
2026-10-03 13:49:43.301 [http-nio-8080-exec-14] INFO  [1fd93536] [] c.s.filter.JwtAuthFilter - completed method=POST uri=/auth/token status=200 durationMs=5 requestId=1fd93536
2026-10-03 13:49:43.301 [http-nio-8080-exec-17] INFO  [2dea5cb3] [] c.s.filter.JwtAuthFilter - completed method=POST uri=/auth/token status=200 durationMs=0 requestId=2dea5cb3
2026-10-03 13:49:43.302 [http-nio-8080-exec-15] INFO  [b82372ff] [] c.s.filter.JwtAuthFilter - completed method=POST uri=/auth/token status=200 durationMs=3 requestId=b82372ff
2026-10-03 13:49:43.302 [http-nio-8080-exec-3] INFO  [7d1975f5] [] c.s.filter.JwtAuthFilter - incoming method=POST uri=/auth/token requestId=7d1975f5
2026-10-03 13:49:43.302 [http-nio-8080-exec-18] INFO  [c916c48a] [] c.s.filter.JwtAuthFilter - completed method=POST uri=/auth/token status=200 durationMs=2 requestId=c916c48a
2026-10-03 13:49:43.302 [http-nio-8080-exec-3] INFO  [7d1975f5] [] c.s.filter.JwtAuthFilter - completed method=POST uri=/auth/token status=200 durationMs=0 requestId=7d1975f5
2026-10-03 13:49:43.305 [http-nio-8080-exec-4] INFO  [cd9691c3] [] c.s.filter.JwtAuthFilter - incoming method=POST uri=/auth/token requestId=cd9691c3
2026-10-03 13:49:43.306 [http-nio-8080-exec-11] INFO  [b731aa8e] [] c.s.filter.JwtAuthFilter - incoming method=POST uri=/auth/token requestId=b731aa8e
2026-10-03 13:49:43.308 [http-nio-8080-exec-13] INFO  [82fee669] [] c.s.filter.JwtAuthFilter - incoming method=POST uri=/auth/token requestId=82fee669
2026-10-03 13:49:43.310 [http-nio-8080-exec-4] INFO  [cd9691c3] [] c.s.filter.JwtAuthFilter - completed method=POST uri=/auth/token status=200 durationMs=5 requestId=cd9691c3
2026-10-03 13:49:43.311 [http-nio-8080-exec-11] INFO  [b731aa8e] [] c.s.filter.JwtAuthFilter - completed method=POST uri=/auth/token status=200 durationMs=5 requestId=b731aa8e
2026-10-03 13:49:43.311 [http-nio-8080-exec-11] INFO  [19c2cece] [] c.s.filter.JwtAuthFilter - incoming method=POST uri=/auth/token requestId=19c2cece
2026-10-03 13:49:43.311 [http-nio-8080-exec-4] INFO  [79827cf2] [] c.s.filter.JwtAuthFilter - incoming method=POST uri=/auth/token requestId=79827cf2
2026-10-03 13:49:43.312 [http-nio-8080-exec-11] INFO  [19c2cece] [] c.s.filter.JwtAuthFilter - completed method=POST uri=/auth/token status=200 durationMs=1 requestId=19c2cece
2026-10-03 13:49:43.312 [http-nio-8080-exec-4] INFO  [79827cf2] [] c.s.filter.JwtAuthFilter - completed method=POST uri=/auth/token status=200 durationMs=1 requestId=79827cf2
2026-10-03 13:49:43.312 [http-nio-8080-exec-11] INFO  [df30d55f] [] c.s.filter.JwtAuthFilter - incoming method=POST uri=/auth/token requestId=df30d55f
2026-10-03 13:49:43.313 [http-nio-8080-exec-11] INFO  [df30d55f] [] c.s.filter.JwtAuthFilter - completed method=POST uri=/auth/token status=200 durationMs=1 requestId=df30d55f
2026-10-03 13:49:43.317 [http-nio-8080-exec-7] INFO  [f5460326] [] c.s.filter.JwtAuthFilter - incoming method=POST uri=/auth/token requestId=f5460326
2026-10-03 13:49:43.317 [http-nio-8080-exec-22] INFO  [10f0d64f] [] c.s.filter.JwtAuthFilter - incoming method=POST uri=/auth/token requestId=10f0d64f
2026-10-03 13:49:43.318 [http-nio-8080-exec-1] INFO  [135b2af4] [] c.s.filter.JwtAuthFilter - incoming method=POST uri=/auth/token requestId=135b2af4
2026-10-03 13:49:43.320 [http-nio-8080-exec-1] INFO  [135b2af4] [] c.s.filter.JwtAuthFilter - completed method=POST uri=/auth/token status=200 durationMs=2 requestId=135b2af4
2026-10-03 13:49:43.320 [http-nio-8080-exec-22] INFO  [10f0d64f] [] c.s.filter.JwtAuthFilter - completed method=POST uri=/auth/token status=200 durationMs=3 requestId=10f0d64f
2026-10-03 13:49:43.321 [http-nio-8080-exec-7] INFO  [f5460326] [] c.s.filter.JwtAuthFilter - completed method=POST uri=/auth/token status=200 durationMs=4 requestId=f5460326
2026-10-03 13:49:43.322 [http-nio-8080-exec-13] INFO  [82fee669] [] c.s.filter.JwtAuthFilter - completed method=POST uri=/auth/token status=200 durationMs=14 requestId=82fee669
2026-10-03 13:49:43.342 [http-nio-8080-exec-9] INFO  [c35ceb32] [] c.s.filter.JwtAuthFilter - incoming method=POST uri=/auth/token requestId=c35ceb32
2026-10-03 13:49:43.342 [http-nio-8080-exec-17] INFO  [d36132b0] [] c.s.filter.JwtAuthFilter - incoming method=POST uri=/auth/token requestId=d36132b0
2026-10-03 13:49:43.343 [http-nio-8080-exec-8] INFO  [0e4dad2c] [] c.s.filter.JwtAuthFilter - incoming method=POST uri=/auth/token requestId=0e4dad2c
2026-10-03 13:49:43.344 [http-nio-8080-exec-12] INFO  [a8cee24a] [] c.s.filter.JwtAuthFilter - incoming method=POST uri=/auth/token requestId=a8cee24a
2026-10-03 13:49:43.344 [http-nio-8080-exec-16] INFO  [81d7df54] [] c.s.filter.JwtAuthFilter - incoming method=POST uri=/auth/token requestId=81d7df54
2026-10-03 13:49:43.344 [http-nio-8080-exec-15] INFO  [28f56bec] [] c.s.filter.JwtAuthFilter - incoming method=POST uri=/auth/token requestId=28f56bec
2026-10-03 13:49:43.345 [http-nio-8080-exec-6] INFO  [35879c58] [] c.s.filter.JwtAuthFilter - incoming method=POST uri=/auth/token requestId=35879c58
2026-10-03 13:49:43.345 [http-nio-8080-exec-15] INFO  [28f56bec] [] c.s.filter.JwtAuthFilter - completed method=POST uri=/auth/token status=200 durationMs=1 requestId=28f56bec
2026-10-03 13:49:43.345 [http-nio-8080-exec-16] INFO  [81d7df54] [] c.s.filter.JwtAuthFilter - completed method=POST uri=/auth/token status=200 durationMs=1 requestId=81d7df54
2026-10-03 13:49:43.345 [http-nio-8080-exec-15] INFO  [f406f69a] [] c.s.filter.JwtAuthFilter - incoming method=POST uri=/auth/token requestId=f406f69a
2026-10-03 13:49:43.346 [http-nio-8080-exec-16] INFO  [36923b37] [] c.s.filter.JwtAuthFilter - incoming method=POST uri=/auth/token requestId=36923b37
2026-10-03 13:49:43.346 [http-nio-8080-exec-20] INFO  [40852be9] [] c.s.filter.JwtAuthFilter - incoming method=POST uri=/auth/token requestId=40852be9
2026-10-03 13:49:43.347 [http-nio-8080-exec-15] INFO  [f406f69a] [] c.s.filter.JwtAuthFilter - completed method=POST uri=/auth/token status=200 durationMs=2 requestId=f406f69a
2026-10-03 13:49:43.347 [http-nio-8080-exec-20] INFO  [40852be9] [] c.s.filter.JwtAuthFilter - completed method=POST uri=/auth/token status=200 durationMs=6 requestId=40852be9
2026-10-03 13:49:43.347 [http-nio-8080-exec-15] INFO  [6dd9aab9] [] c.s.filter.JwtAuthFilter - incoming method=POST uri=/auth/token requestId=6dd9aab9
2026-10-03 13:49:43.347 [http-nio-8080-exec-20] INFO  [08559eeb] [] c.s.filter.JwtAuthFilter - incoming method=POST uri=/auth/token requestId=08559eeb
2026-10-03 13:49:43.348 [http-nio-8080-exec-20] INFO  [08559eeb] [] c.s.filter.JwtAuthFilter - completed method=POST uri=/auth/token status=200 durationMs=1 requestId=08559eeb
2026-10-03 13:49:43.348 [http-nio-8080-exec-20] INFO  [5d96bcd7] [] c.s.filter.JwtAuthFilter - incoming method=POST uri=/auth/token requestId=5d96bcd7
2026-10-03 13:49:43.349 [http-nio-8080-exec-12] INFO  [a8cee24a] [] c.s.filter.JwtAuthFilter - completed method=POST uri=/auth/token status=200 durationMs=5 requestId=a8cee24a
2026-10-03 13:49:43.349 [http-nio-8080-exec-19] INFO  [4db7bba1] [] c.s.filter.JwtAuthFilter - incoming method=POST uri=/auth/token requestId=4db7bba1
2026-10-03 13:49:43.349 [http-nio-8080-exec-19] INFO  [4db7bba1] [] c.s.filter.JwtAuthFilter - completed method=POST uri=/auth/token status=200 durationMs=8 requestId=4db7bba1
2026-10-03 13:49:43.349 [http-nio-8080-exec-9] INFO  [c35ceb32] [] c.s.filter.JwtAuthFilter - completed method=POST uri=/auth/token status=200 durationMs=10 requestId=c35ceb32
2026-10-03 13:49:43.349 [http-nio-8080-exec-17] INFO  [d36132b0] [] c.s.filter.JwtAuthFilter - completed method=POST uri=/auth/token status=200 durationMs=7 requestId=d36132b0
2026-10-03 13:49:43.350 [http-nio-8080-exec-6] INFO  [35879c58] [] c.s.filter.JwtAuthFilter - completed method=POST uri=/auth/token status=200 durationMs=9 requestId=35879c58
2026-10-03 13:49:43.350 [http-nio-8080-exec-15] INFO  [6dd9aab9] [] c.s.filter.JwtAuthFilter - completed method=POST uri=/auth/token status=200 durationMs=3 requestId=6dd9aab9
2026-10-03 13:49:43.350 [http-nio-8080-exec-20] INFO  [5d96bcd7] [] c.s.filter.JwtAuthFilter - completed method=POST uri=/auth/token status=200 durationMs=2 requestId=5d96bcd7
2026-10-03 13:49:43.350 [http-nio-8080-exec-10] INFO  [798c76fe] [] c.s.filter.JwtAuthFilter - incoming method=POST uri=/auth/token requestId=798c76fe
2026-10-03 13:49:43.351 [http-nio-8080-exec-16] INFO  [36923b37] [] c.s.filter.JwtAuthFilter - completed method=POST uri=/auth/token status=200 durationMs=5 requestId=36923b37
2026-10-03 13:49:43.352 [http-nio-8080-exec-10] INFO  [798c76fe] [] c.s.filter.JwtAuthFilter - completed method=POST uri=/auth/token status=200 durationMs=2 requestId=798c76fe
2026-10-03 13:49:43.354 [http-nio-8080-exec-8] INFO  [0e4dad2c] [] c.s.filter.JwtAuthFilter - completed method=POST uri=/auth/token status=200 durationMs=13 requestId=0e4dad2c
2026-10-03 13:49:43.356 [http-nio-8080-exec-23] INFO  [d151ee61] [] c.s.filter.JwtAuthFilter - incoming method=POST uri=/auth/token requestId=d151ee61
2026-10-03 13:49:43.363 [http-nio-8080-exec-23] INFO  [d151ee61] [] c.s.filter.JwtAuthFilter - completed method=POST uri=/auth/token status=200 durationMs=7 requestId=d151ee61
2026-10-03 13:49:43.363 [http-nio-8080-exec-7] INFO  [8f817932] [] c.s.filter.JwtAuthFilter - incoming method=POST uri=/auth/token requestId=8f817932
2026-10-03 13:49:43.363 [http-nio-8080-exec-2] INFO  [3dcf1893] [] c.s.filter.JwtAuthFilter - incoming method=POST uri=/auth/token requestId=3dcf1893
2026-10-03 13:49:43.363 [http-nio-8080-exec-23] INFO  [632d0805] [] c.s.filter.JwtAuthFilter - incoming method=POST uri=/auth/token requestId=632d0805
2026-10-03 13:49:43.363 [http-nio-8080-exec-22] INFO  [5cb88684] [] c.s.filter.JwtAuthFilter - incoming method=POST uri=/auth/token requestId=5cb88684
2026-10-03 13:49:43.365 [http-nio-8080-exec-7] INFO  [8f817932] [] c.s.filter.JwtAuthFilter - completed method=POST uri=/auth/token status=200 durationMs=2 requestId=8f817932
2026-10-03 13:49:43.368 [http-nio-8080-exec-9] INFO  [858434a0] [] c.s.filter.JwtAuthFilter - incoming method=POST uri=/auth/token requestId=858434a0
2026-10-03 13:49:43.368 [http-nio-8080-exec-19] INFO  [72514581] [] c.s.filter.JwtAuthFilter - incoming method=POST uri=/auth/token requestId=72514581
2026-10-03 13:49:43.369 [http-nio-8080-exec-3] INFO  [91d480b4] [] c.s.filter.JwtAuthFilter - incoming method=POST uri=/auth/token requestId=91d480b4
2026-10-03 13:49:43.370 [http-nio-8080-exec-3] INFO  [91d480b4] [] c.s.filter.JwtAuthFilter - completed method=POST uri=/auth/token status=200 durationMs=1 requestId=91d480b4
2026-10-03 13:49:43.370 [http-nio-8080-exec-9] INFO  [858434a0] [] c.s.filter.JwtAuthFilter - completed method=POST uri=/auth/token status=200 durationMs=2 requestId=858434a0
2026-10-03 13:49:43.370 [http-nio-8080-exec-22] INFO  [5cb88684] [] c.s.filter.JwtAuthFilter - completed method=POST uri=/auth/token status=200 durationMs=7 requestId=5cb88684
2026-10-03 13:49:43.370 [http-nio-8080-exec-19] INFO  [72514581] [] c.s.filter.JwtAuthFilter - completed method=POST uri=/auth/token status=200 durationMs=2 requestId=72514581
2026-10-03 13:49:43.370 [http-nio-8080-exec-12] INFO  [548c7752] [] c.s.filter.JwtAuthFilter - incoming method=POST uri=/auth/token requestId=548c7752
2026-10-03 13:49:43.372 [http-nio-8080-exec-12] INFO  [548c7752] [] c.s.filter.JwtAuthFilter - completed method=POST uri=/auth/token status=200 durationMs=2 requestId=548c7752
2026-10-03 13:49:43.375 [http-nio-8080-exec-23] INFO  [632d0805] [] c.s.filter.JwtAuthFilter - completed method=POST uri=/auth/token status=200 durationMs=12 requestId=632d0805
2026-10-03 13:49:43.375 [http-nio-8080-exec-2] INFO  [3dcf1893] [] c.s.filter.JwtAuthFilter - completed method=POST uri=/auth/token status=200 durationMs=12 requestId=3dcf1893
2026-10-03 13:49:43.377 [http-nio-8080-exec-10] INFO  [95229cb2] [] c.s.filter.JwtAuthFilter - incoming method=POST uri=/auth/token requestId=95229cb2
2026-10-03 13:49:43.379 [http-nio-8080-exec-10] INFO  [95229cb2] [] c.s.filter.JwtAuthFilter - completed method=POST uri=/auth/token status=200 durationMs=2 requestId=95229cb2
2026-10-03 13:49:43.382 [http-nio-8080-exec-11] INFO  [47e93b26] [] c.s.filter.JwtAuthFilter - incoming method=POST uri=/auth/token requestId=47e93b26
2026-10-03 13:49:43.382 [http-nio-8080-exec-21] INFO  [780c1d08] [] c.s.filter.JwtAuthFilter - incoming method=POST uri=/auth/token requestId=780c1d08
2026-10-03 13:49:43.382 [http-nio-8080-exec-13] INFO  [87e43265] [] c.s.filter.JwtAuthFilter - incoming method=POST uri=/auth/token requestId=87e43265
2026-10-03 13:49:43.383 [http-nio-8080-exec-7] INFO  [f1260d95] [] c.s.filter.JwtAuthFilter - incoming method=POST uri=/auth/token requestId=f1260d95
2026-10-03 13:49:43.383 [http-nio-8080-exec-13] INFO  [87e43265] [] c.s.filter.JwtAuthFilter - completed method=POST uri=/auth/token status=200 durationMs=1 requestId=87e43265
2026-10-03 13:49:43.383 [http-nio-8080-exec-21] INFO  [780c1d08] [] c.s.filter.JwtAuthFilter - completed method=POST uri=/auth/token status=200 durationMs=1 requestId=780c1d08
2026-10-03 13:49:43.383 [http-nio-8080-exec-11] INFO  [47e93b26] [] c.s.filter.JwtAuthFilter - completed method=POST uri=/auth/token status=200 durationMs=1 requestId=47e93b26
2026-10-03 13:49:43.383 [http-nio-8080-exec-21] INFO  [48136ed9] [] c.s.filter.JwtAuthFilter - incoming method=POST uri=/auth/token requestId=48136ed9
2026-10-03 13:49:43.384 [http-nio-8080-exec-13] INFO  [6a24443b] [] c.s.filter.JwtAuthFilter - incoming method=POST uri=/auth/token requestId=6a24443b
2026-10-03 13:49:43.384 [http-nio-8080-exec-8] INFO  [308b1d17] [] c.s.filter.JwtAuthFilter - incoming method=POST uri=/auth/token requestId=308b1d17
2026-10-03 13:49:43.384 [http-nio-8080-exec-21] INFO  [48136ed9] [] c.s.filter.JwtAuthFilter - completed method=POST uri=/auth/token status=200 durationMs=1 requestId=48136ed9
2026-10-03 13:49:43.384 [http-nio-8080-exec-21] INFO  [ab1793b0] [] c.s.filter.JwtAuthFilter - incoming method=POST uri=/auth/token requestId=ab1793b0
2026-10-03 13:49:43.385 [http-nio-8080-exec-13] INFO  [6a24443b] [] c.s.filter.JwtAuthFilter - completed method=POST uri=/auth/token status=200 durationMs=2 requestId=6a24443b
2026-10-03 13:49:43.385 [http-nio-8080-exec-21] INFO  [ab1793b0] [] c.s.filter.JwtAuthFilter - completed method=POST uri=/auth/token status=200 durationMs=1 requestId=ab1793b0
2026-10-03 13:49:43.386 [http-nio-8080-exec-8] INFO  [308b1d17] [] c.s.filter.JwtAuthFilter - completed method=POST uri=/auth/token status=200 durationMs=2 requestId=308b1d17
2026-10-03 13:49:43.386 [http-nio-8080-exec-7] INFO  [f1260d95] [] c.s.filter.JwtAuthFilter - completed method=POST uri=/auth/token status=200 durationMs=3 requestId=f1260d95
2026-10-03 13:49:43.399 [http-nio-8080-exec-16] INFO  [422f8154] [] c.s.filter.JwtAuthFilter - incoming method=POST uri=/auth/token requestId=422f8154
2026-10-03 13:49:43.405 [http-nio-8080-exec-16] INFO  [422f8154] [] c.s.filter.JwtAuthFilter - completed method=POST uri=/auth/token status=200 durationMs=9 requestId=422f8154
2026-10-03 13:49:43.411 [http-nio-8080-exec-10] INFO  [fe2c3ab7] [] c.s.filter.JwtAuthFilter - incoming method=POST uri=/auth/token requestId=fe2c3ab7
2026-10-03 13:49:43.411 [http-nio-8080-exec-23] INFO  [60996546] [] c.s.filter.JwtAuthFilter - incoming method=POST uri=/auth/token requestId=60996546
2026-10-03 13:49:43.420 [http-nio-8080-exec-23] INFO  [60996546] [] c.s.filter.JwtAuthFilter - completed method=POST uri=/auth/token status=200 durationMs=9 requestId=60996546
2026-10-03 13:49:43.421 [http-nio-8080-exec-4] INFO  [fb58a1d2] [] c.s.filter.JwtAuthFilter - incoming method=POST uri=/auth/token requestId=fb58a1d2
2026-10-03 13:49:43.421 [http-nio-8080-exec-15] INFO  [92f87c36] [] c.s.filter.JwtAuthFilter - incoming method=POST uri=/auth/token requestId=92f87c36
2026-10-03 13:49:43.421 [http-nio-8080-exec-23] INFO  [eabebf6e] [] c.s.filter.JwtAuthFilter - incoming method=POST uri=/auth/token requestId=eabebf6e
2026-10-03 13:49:43.421 [http-nio-8080-exec-5] INFO  [5e8ddd64] [] c.s.filter.JwtAuthFilter - incoming method=POST uri=/auth/token requestId=5e8ddd64
2026-10-03 13:49:43.422 [http-nio-8080-exec-10] INFO  [fe2c3ab7] [] c.s.filter.JwtAuthFilter - completed method=POST uri=/auth/token status=200 durationMs=11 requestId=fe2c3ab7
2026-10-03 13:49:43.422 [http-nio-8080-exec-15] INFO  [92f87c36] [] c.s.filter.JwtAuthFilter - completed method=POST uri=/auth/token status=200 durationMs=1 requestId=92f87c36
2026-10-03 13:49:43.422 [http-nio-8080-exec-4] INFO  [fb58a1d2] [] c.s.filter.JwtAuthFilter - completed method=POST uri=/auth/token status=200 durationMs=2 requestId=fb58a1d2
2026-10-03 13:49:43.422 [http-nio-8080-exec-23] INFO  [eabebf6e] [] c.s.filter.JwtAuthFilter - completed method=POST uri=/auth/token status=200 durationMs=1 requestId=eabebf6e
2026-10-03 13:49:43.423 [http-nio-8080-exec-15] INFO  [f622f88a] [] c.s.filter.JwtAuthFilter - incoming method=POST uri=/auth/token requestId=f622f88a
2026-10-03 13:49:43.423 [http-nio-8080-exec-10] INFO  [b5285168] [] c.s.filter.JwtAuthFilter - incoming method=POST uri=/auth/token requestId=b5285168
2026-10-03 13:49:43.423 [http-nio-8080-exec-4] INFO  [fb42c428] [] c.s.filter.JwtAuthFilter - incoming method=POST uri=/auth/token requestId=fb42c428
2026-10-03 13:49:43.423 [http-nio-8080-exec-23] INFO  [c0051b6e] [] c.s.filter.JwtAuthFilter - incoming method=POST uri=/auth/token requestId=c0051b6e
2026-10-03 13:49:43.423 [http-nio-8080-exec-4] INFO  [fb42c428] [] c.s.filter.JwtAuthFilter - completed method=POST uri=/auth/token status=200 durationMs=0 requestId=fb42c428
2026-10-03 13:49:43.424 [http-nio-8080-exec-4] INFO  [8f8479a7] [] c.s.filter.JwtAuthFilter - incoming method=POST uri=/auth/token requestId=8f8479a7
2026-10-03 13:49:43.424 [http-nio-8080-exec-10] INFO  [b5285168] [] c.s.filter.JwtAuthFilter - completed method=POST uri=/auth/token status=200 durationMs=1 requestId=b5285168
2026-10-03 13:49:43.425 [http-nio-8080-exec-15] INFO  [f622f88a] [] c.s.filter.JwtAuthFilter - completed method=POST uri=/auth/token status=200 durationMs=1 requestId=f622f88a
2026-10-03 13:49:43.425 [http-nio-8080-exec-5] INFO  [5e8ddd64] [] c.s.filter.JwtAuthFilter - completed method=POST uri=/auth/token status=200 durationMs=4 requestId=5e8ddd64
2026-10-03 13:49:43.425 [http-nio-8080-exec-13] INFO  [1403805a] [] c.s.filter.JwtAuthFilter - incoming method=POST uri=/auth/token requestId=1403805a
2026-10-03 13:49:43.425 [http-nio-8080-exec-10] INFO  [2a5e12ee] [] c.s.filter.JwtAuthFilter - incoming method=POST uri=/auth/token requestId=2a5e12ee
2026-10-03 13:49:43.426 [http-nio-8080-exec-4] INFO  [8f8479a7] [] c.s.filter.JwtAuthFilter - completed method=POST uri=/auth/token status=200 durationMs=2 requestId=8f8479a7
2026-10-03 13:49:43.427 [http-nio-8080-exec-13] INFO  [1403805a] [] c.s.filter.JwtAuthFilter - completed method=POST uri=/auth/token status=200 durationMs=2 requestId=1403805a
2026-10-03 13:49:43.427 [http-nio-8080-exec-10] INFO  [2a5e12ee] [] c.s.filter.JwtAuthFilter - completed method=POST uri=/auth/token status=200 durationMs=2 requestId=2a5e12ee
2026-10-03 13:49:43.430 [http-nio-8080-exec-23] INFO  [c0051b6e] [] c.s.filter.JwtAuthFilter - completed method=POST uri=/auth/token status=200 durationMs=7 requestId=c0051b6e
2026-10-03 13:49:43.430 [http-nio-8080-exec-11] INFO  [c35a69ee] [] c.s.filter.JwtAuthFilter - incoming method=POST uri=/auth/token requestId=c35a69ee
2026-10-03 13:49:43.433 [http-nio-8080-exec-11] INFO  [c35a69ee] [] c.s.filter.JwtAuthFilter - completed method=POST uri=/auth/token status=200 durationMs=3 requestId=c35a69ee
2026-10-03 13:49:43.437 [http-nio-8080-exec-1] INFO  [ec42ca89] [] c.s.filter.JwtAuthFilter - incoming method=POST uri=/auth/token requestId=ec42ca89
2026-10-03 13:49:43.437 [http-nio-8080-exec-7] INFO  [35c6324e] [] c.s.filter.JwtAuthFilter - incoming method=POST uri=/auth/token requestId=35c6324e
2026-10-03 13:49:43.437 [http-nio-8080-exec-3] INFO  [6f3f090a] [] c.s.filter.JwtAuthFilter - incoming method=POST uri=/auth/token requestId=6f3f090a
2026-10-03 13:49:43.437 [http-nio-8080-exec-9] INFO  [d5d6997c] [] c.s.filter.JwtAuthFilter - incoming method=POST uri=/auth/token requestId=d5d6997c
2026-10-03 13:49:43.437 [http-nio-8080-exec-4] INFO  [d487662d] [] c.s.filter.JwtAuthFilter - incoming method=POST uri=/auth/token requestId=d487662d
2026-10-03 13:49:43.438 [http-nio-8080-exec-22] INFO  [ed352a89] [] c.s.filter.JwtAuthFilter - incoming method=POST uri=/auth/token requestId=ed352a89
2026-10-03 13:49:43.439 [http-nio-8080-exec-4] INFO  [d487662d] [] c.s.filter.JwtAuthFilter - completed method=POST uri=/auth/token status=200 durationMs=2 requestId=d487662d
2026-10-03 13:49:43.439 [http-nio-8080-exec-1] INFO  [ec42ca89] [] c.s.filter.JwtAuthFilter - completed method=POST uri=/auth/token status=200 durationMs=2 requestId=ec42ca89
2026-10-03 13:49:43.439 [http-nio-8080-exec-9] INFO  [d5d6997c] [] c.s.filter.JwtAuthFilter - completed method=POST uri=/auth/token status=200 durationMs=2 requestId=d5d6997c
2026-10-03 13:49:43.439 [http-nio-8080-exec-22] INFO  [ed352a89] [] c.s.filter.JwtAuthFilter - completed method=POST uri=/auth/token status=200 durationMs=1 requestId=ed352a89
2026-10-03 13:49:43.440 [http-nio-8080-exec-3] INFO  [6f3f090a] [] c.s.filter.JwtAuthFilter - completed method=POST uri=/auth/token status=200 durationMs=3 requestId=6f3f090a
2026-10-03 13:49:43.441 [http-nio-8080-exec-7] INFO  [35c6324e] [] c.s.filter.JwtAuthFilter - completed method=POST uri=/auth/token status=200 durationMs=4 requestId=35c6324e
2026-10-03 13:49:43.445 [http-nio-8080-exec-20] INFO  [89730c93] [] c.s.filter.JwtAuthFilter - incoming method=POST uri=/auth/token requestId=89730c93
2026-10-03 13:49:43.445 [http-nio-8080-exec-17] INFO  [67eb53bb] [] c.s.filter.JwtAuthFilter - incoming method=POST uri=/auth/token requestId=67eb53bb
2026-10-03 13:49:43.446 [http-nio-8080-exec-16] INFO  [839cc256] [] c.s.filter.JwtAuthFilter - incoming method=POST uri=/auth/token requestId=839cc256
2026-10-03 13:49:43.446 [http-nio-8080-exec-17] INFO  [67eb53bb] [] c.s.filter.JwtAuthFilter - completed method=POST uri=/auth/token status=200 durationMs=1 requestId=67eb53bb
2026-10-03 13:49:43.447 [http-nio-8080-exec-20] INFO  [89730c93] [] c.s.filter.JwtAuthFilter - completed method=POST uri=/auth/token status=200 durationMs=2 requestId=89730c93
2026-10-03 13:49:43.447 [http-nio-8080-exec-16] INFO  [839cc256] [] c.s.filter.JwtAuthFilter - completed method=POST uri=/auth/token status=200 durationMs=1 requestId=839cc256
2026-10-03 13:49:43.452 [http-nio-8080-exec-23] INFO  [8fb727b6] [] c.s.filter.JwtAuthFilter - incoming method=POST uri=/auth/token requestId=8fb727b6
2026-10-03 13:49:43.453 [http-nio-8080-exec-23] INFO  [8fb727b6] [] c.s.filter.JwtAuthFilter - completed method=POST uri=/auth/token status=200 durationMs=1 requestId=8fb727b6
2026-10-03 13:49:43.464 [http-nio-8080-exec-11] INFO  [65818c7a] [] c.s.filter.JwtAuthFilter - incoming method=POST uri=/auth/token requestId=65818c7a
2026-10-03 13:49:43.465 [http-nio-8080-exec-18] INFO  [f099e2dc] [] c.s.filter.JwtAuthFilter - incoming method=POST uri=/auth/token requestId=f099e2dc
2026-10-03 13:49:43.466 [http-nio-8080-exec-11] INFO  [65818c7a] [] c.s.filter.JwtAuthFilter - completed method=POST uri=/auth/token status=200 durationMs=2 requestId=65818c7a
2026-10-03 13:49:43.466 [http-nio-8080-exec-18] INFO  [f099e2dc] [] c.s.filter.JwtAuthFilter - completed method=POST uri=/auth/token status=200 durationMs=1 requestId=f099e2dc
2026-10-03 13:49:43.466 [http-nio-8080-exec-11] INFO  [0d7676f3] [] c.s.filter.JwtAuthFilter - incoming method=POST uri=/auth/token requestId=0d7676f3
2026-10-03 13:49:43.466 [http-nio-8080-exec-18] INFO  [7e3f3de5] [] c.s.filter.JwtAuthFilter - incoming method=POST uri=/auth/token requestId=7e3f3de5
2026-10-03 13:49:43.467 [http-nio-8080-exec-18] INFO  [7e3f3de5] [] c.s.filter.JwtAuthFilter - completed method=POST uri=/auth/token status=200 durationMs=1 requestId=7e3f3de5
2026-10-03 13:49:43.467 [http-nio-8080-exec-11] INFO  [0d7676f3] [] c.s.filter.JwtAuthFilter - completed method=POST uri=/auth/token status=200 durationMs=1 requestId=0d7676f3
2026-10-03 13:49:43.469 [http-nio-8080-exec-4] INFO  [829de900] [] c.s.filter.JwtAuthFilter - incoming method=POST uri=/auth/token requestId=829de900
2026-10-03 13:49:43.470 [http-nio-8080-exec-4] INFO  [829de900] [] c.s.filter.JwtAuthFilter - completed method=POST uri=/auth/token status=200 durationMs=1 requestId=829de900
2026-10-03 13:49:43.476 [http-nio-8080-exec-19] INFO  [cefe2265] [] c.s.filter.JwtAuthFilter - incoming method=POST uri=/auth/token requestId=cefe2265
2026-10-03 13:49:43.476 [http-nio-8080-exec-13] INFO  [de0c4c93] [] c.s.filter.JwtAuthFilter - incoming method=POST uri=/auth/token requestId=de0c4c93
2026-10-03 13:49:43.477 [http-nio-8080-exec-13] INFO  [de0c4c93] [] c.s.filter.JwtAuthFilter - completed method=POST uri=/auth/token status=200 durationMs=1 requestId=de0c4c93
2026-10-03 13:49:43.477 [http-nio-8080-exec-13] INFO  [78175f04] [] c.s.filter.JwtAuthFilter - incoming method=POST uri=/auth/token requestId=78175f04
2026-10-03 13:49:43.477 [http-nio-8080-exec-19] INFO  [cefe2265] [] c.s.filter.JwtAuthFilter - completed method=POST uri=/auth/token status=200 durationMs=1 requestId=cefe2265
2026-10-03 13:49:43.478 [http-nio-8080-exec-7] INFO  [8de00785] [] c.s.filter.JwtAuthFilter - incoming method=POST uri=/auth/token requestId=8de00785
2026-10-03 13:49:43.478 [http-nio-8080-exec-13] INFO  [78175f04] [] c.s.filter.JwtAuthFilter - completed method=POST uri=/auth/token status=200 durationMs=1 requestId=78175f04
2026-10-03 13:49:43.479 [http-nio-8080-exec-7] INFO  [8de00785] [] c.s.filter.JwtAuthFilter - completed method=POST uri=/auth/token status=200 durationMs=1 requestId=8de00785
2026-10-03 13:49:43.485 [http-nio-8080-exec-20] INFO  [fb791079] [] c.s.filter.JwtAuthFilter - incoming method=POST uri=/auth/token requestId=fb791079
2026-10-03 13:49:43.485 [http-nio-8080-exec-16] INFO  [a2a66bf1] [] c.s.filter.JwtAuthFilter - incoming method=POST uri=/auth/token requestId=a2a66bf1
2026-10-03 13:49:43.487 [http-nio-8080-exec-20] INFO  [fb791079] [] c.s.filter.JwtAuthFilter - completed method=POST uri=/auth/token status=200 durationMs=2 requestId=fb791079
2026-10-03 13:49:43.488 [http-nio-8080-exec-16] INFO  [a2a66bf1] [] c.s.filter.JwtAuthFilter - completed method=POST uri=/auth/token status=200 durationMs=3 requestId=a2a66bf1
2026-10-03 13:49:43.488 [http-nio-8080-exec-5] INFO  [1da9e8b1] [] c.s.filter.JwtAuthFilter - incoming method=POST uri=/auth/token requestId=1da9e8b1
2026-10-03 13:49:43.489 [http-nio-8080-exec-5] INFO  [1da9e8b1] [] c.s.filter.JwtAuthFilter - completed method=POST uri=/auth/token status=200 durationMs=1 requestId=1da9e8b1
2026-10-03 13:49:43.490 [http-nio-8080-exec-23] INFO  [87af8f09] [] c.s.filter.JwtAuthFilter - incoming method=POST uri=/auth/token requestId=87af8f09
2026-10-03 13:49:43.491 [http-nio-8080-exec-21] INFO  [97d964fd] [] c.s.filter.JwtAuthFilter - incoming method=POST uri=/auth/token requestId=97d964fd
2026-10-03 13:49:43.491 [http-nio-8080-exec-21] INFO  [97d964fd] [] c.s.filter.JwtAuthFilter - completed method=POST uri=/auth/token status=200 durationMs=0 requestId=97d964fd
2026-10-03 13:49:43.491 [http-nio-8080-exec-23] INFO  [87af8f09] [] c.s.filter.JwtAuthFilter - completed method=POST uri=/auth/token status=200 durationMs=1 requestId=87af8f09
2026-10-03 13:49:43.492 [http-nio-8080-exec-8] INFO  [15556c59] [] c.s.filter.JwtAuthFilter - incoming method=POST uri=/auth/token requestId=15556c59
2026-10-03 13:49:43.492 [http-nio-8080-exec-8] INFO  [15556c59] [] c.s.filter.JwtAuthFilter - completed method=POST uri=/auth/token status=200 durationMs=0 requestId=15556c59
2026-10-03 13:49:43.498 [http-nio-8080-exec-14] INFO  [10c33193] [] c.s.filter.JwtAuthFilter - incoming method=POST uri=/auth/token requestId=10c33193
2026-10-03 13:49:43.498 [http-nio-8080-exec-3] INFO  [bfb74f42] [] c.s.filter.JwtAuthFilter - incoming method=POST uri=/auth/token requestId=bfb74f42
2026-10-03 13:49:43.498 [http-nio-8080-exec-10] INFO  [951d1040] [] c.s.filter.JwtAuthFilter - incoming method=POST uri=/auth/token requestId=951d1040
2026-10-03 13:49:43.498 [http-nio-8080-exec-19] INFO  [fed3399e] [] c.s.filter.JwtAuthFilter - incoming method=POST uri=/auth/token requestId=fed3399e
2026-10-03 13:49:43.500 [http-nio-8080-exec-19] INFO  [fed3399e] [] c.s.filter.JwtAuthFilter - completed method=POST uri=/auth/token status=200 durationMs=2 requestId=fed3399e
2026-10-03 13:49:43.500 [http-nio-8080-exec-10] INFO  [951d1040] [] c.s.filter.JwtAuthFilter - completed method=POST uri=/auth/token status=200 durationMs=2 requestId=951d1040
2026-10-03 13:49:43.500 [http-nio-8080-exec-3] INFO  [bfb74f42] [] c.s.filter.JwtAuthFilter - completed method=POST uri=/auth/token status=200 durationMs=2 requestId=bfb74f42
2026-10-03 13:49:43.500 [http-nio-8080-exec-14] INFO  [10c33193] [] c.s.filter.JwtAuthFilter - completed method=POST uri=/auth/token status=200 durationMs=2 requestId=10c33193
2026-10-03 13:49:43.500 [http-nio-8080-exec-13] INFO  [40534635] [] c.s.filter.JwtAuthFilter - incoming method=POST uri=/auth/token requestId=40534635
2026-10-03 13:49:43.502 [http-nio-8080-exec-13] INFO  [40534635] [] c.s.filter.JwtAuthFilter - completed method=POST uri=/auth/token status=200 durationMs=2 requestId=40534635
2026-10-03 13:49:43.504 [http-nio-8080-exec-2] INFO  [ba777b96] [] c.s.filter.JwtAuthFilter - incoming method=POST uri=/auth/token requestId=ba777b96
2026-10-03 13:49:43.506 [http-nio-8080-exec-2] INFO  [ba777b96] [] c.s.filter.JwtAuthFilter - completed method=POST uri=/auth/token status=200 durationMs=2 requestId=ba777b96
2026-10-03 13:49:43.515 [http-nio-8080-exec-16] INFO  [822f1f6f] [] c.s.filter.JwtAuthFilter - incoming method=POST uri=/auth/token requestId=822f1f6f
2026-10-03 13:49:43.516 [http-nio-8080-exec-5] INFO  [5fc733a0] [] c.s.filter.JwtAuthFilter - incoming method=POST uri=/auth/token requestId=5fc733a0
2026-10-03 13:49:43.517 [http-nio-8080-exec-16] INFO  [822f1f6f] [] c.s.filter.JwtAuthFilter - completed method=POST uri=/auth/token status=200 durationMs=2 requestId=822f1f6f
2026-10-03 13:49:43.517 [http-nio-8080-exec-5] INFO  [5fc733a0] [] c.s.filter.JwtAuthFilter - completed method=POST uri=/auth/token status=200 durationMs=2 requestId=5fc733a0
2026-10-03 13:49:43.519 [http-nio-8080-exec-18] INFO  [9b7c6963] [] c.s.filter.JwtAuthFilter - incoming method=POST uri=/auth/token requestId=9b7c6963
2026-10-03 13:49:43.520 [http-nio-8080-exec-18] INFO  [9b7c6963] [] c.s.filter.JwtAuthFilter - completed method=POST uri=/auth/token status=200 durationMs=1 requestId=9b7c6963
2026-10-03 13:49:43.522 [http-nio-8080-exec-21] INFO  [c7ba46f9] [] c.s.filter.JwtAuthFilter - incoming method=POST uri=/auth/token requestId=c7ba46f9
2026-10-03 13:49:43.523 [http-nio-8080-exec-21] INFO  [c7ba46f9] [] c.s.filter.JwtAuthFilter - completed method=POST uri=/auth/token status=200 durationMs=1 requestId=c7ba46f9
2026-10-03 13:49:43.527 [http-nio-8080-exec-8] INFO  [92ff9aa8] [] c.s.filter.JwtAuthFilter - incoming method=GET uri=/health/ready requestId=92ff9aa8
2026-10-03 13:49:43.529 [http-nio-8080-exec-22] INFO  [5860b047] [] c.s.filter.JwtAuthFilter - incoming method=POST uri=/auth/token requestId=5860b047
2026-10-03 13:49:43.529 [http-nio-8080-exec-9] INFO  [364d3bde] [] c.s.filter.JwtAuthFilter - incoming method=POST uri=/auth/token requestId=364d3bde
2026-10-03 13:49:43.531 [http-nio-8080-exec-22] INFO  [5860b047] [] c.s.filter.JwtAuthFilter - completed method=POST uri=/auth/token status=200 durationMs=2 requestId=5860b047
2026-10-03 13:49:43.531 [http-nio-8080-exec-9] INFO  [364d3bde] [] c.s.filter.JwtAuthFilter - completed method=POST uri=/auth/token status=200 durationMs=2 requestId=364d3bde
2026-10-03 13:49:43.531 [http-nio-8080-exec-8] INFO  [92ff9aa8] [] c.s.filter.JwtAuthFilter - completed method=GET uri=/health/ready status=200 durationMs=4 requestId=92ff9aa8
2026-10-03 13:49:43.538 [http-nio-8080-exec-3] INFO  [25f68c92] [] c.s.filter.JwtAuthFilter - incoming method=POST uri=/auth/token requestId=25f68c92
2026-10-03 13:49:43.538 [http-nio-8080-exec-10] INFO  [b3f1d8af] [] c.s.filter.JwtAuthFilter - incoming method=POST uri=/auth/token requestId=b3f1d8af
2026-10-03 13:49:43.539 [http-nio-8080-exec-3] INFO  [25f68c92] [] c.s.filter.JwtAuthFilter - completed method=POST uri=/auth/token status=200 durationMs=1 requestId=25f68c92
2026-10-03 13:49:43.539 [http-nio-8080-exec-10] INFO  [b3f1d8af] [] c.s.filter.JwtAuthFilter - completed method=POST uri=/auth/token status=200 durationMs=1 requestId=b3f1d8af
2026-10-03 13:49:43.540 [http-nio-8080-exec-13] INFO  [f8c5d873] [] c.s.filter.JwtAuthFilter - incoming method=POST uri=/auth/token requestId=f8c5d873
2026-10-03 13:49:43.542 [http-nio-8080-exec-13] INFO  [f8c5d873] [] c.s.filter.JwtAuthFilter - completed method=POST uri=/auth/token status=200 durationMs=2 requestId=f8c5d873
2026-10-03 13:49:43.543 [http-nio-8080-exec-7] INFO  [df33e8a7] [] c.s.filter.JwtAuthFilter - incoming method=POST uri=/auth/token requestId=df33e8a7
2026-10-03 13:49:43.544 [http-nio-8080-exec-7] INFO  [df33e8a7] [] c.s.filter.JwtAuthFilter - completed method=POST uri=/auth/token status=200 durationMs=1 requestId=df33e8a7
2026-10-03 13:49:43.546 [http-nio-8080-exec-17] INFO  [d89d4333] [] c.s.filter.JwtAuthFilter - incoming method=POST uri=/auth/token requestId=d89d4333
2026-10-03 13:49:43.547 [http-nio-8080-exec-2] INFO  [dff5c9e5] [] c.s.filter.JwtAuthFilter - incoming method=POST uri=/auth/token requestId=dff5c9e5
2026-10-03 13:49:43.547 [http-nio-8080-exec-20] INFO  [5f5a4da0] [] c.s.filter.JwtAuthFilter - incoming method=POST uri=/auth/token requestId=5f5a4da0
2026-10-03 13:49:43.548 [http-nio-8080-exec-17] INFO  [d89d4333] [] c.s.filter.JwtAuthFilter - completed method=POST uri=/auth/token status=200 durationMs=2 requestId=d89d4333
2026-10-03 13:49:43.548 [http-nio-8080-exec-2] INFO  [dff5c9e5] [] c.s.filter.JwtAuthFilter - completed method=POST uri=/auth/token status=200 durationMs=1 requestId=dff5c9e5
2026-10-03 13:49:43.548 [http-nio-8080-exec-20] INFO  [5f5a4da0] [] c.s.filter.JwtAuthFilter - completed method=POST uri=/auth/token status=200 durationMs=1 requestId=5f5a4da0
2026-10-03 13:49:43.549 [http-nio-8080-exec-1] INFO  [8acb6087] [] c.s.filter.JwtAuthFilter - incoming method=POST uri=/auth/token requestId=8acb6087
2026-10-03 13:49:43.550 [http-nio-8080-exec-16] INFO  [a9de26dd] [] c.s.filter.JwtAuthFilter - incoming method=POST uri=/auth/token requestId=a9de26dd
2026-10-03 13:49:43.550 [http-nio-8080-exec-11] INFO  [17cb5ac5] [] c.s.filter.JwtAuthFilter - incoming method=POST uri=/auth/token requestId=17cb5ac5
2026-10-03 13:49:43.551 [http-nio-8080-exec-11] INFO  [17cb5ac5] [] c.s.filter.JwtAuthFilter - completed method=POST uri=/auth/token status=200 durationMs=1 requestId=17cb5ac5
2026-10-03 13:49:43.551 [http-nio-8080-exec-16] INFO  [a9de26dd] [] c.s.filter.JwtAuthFilter - completed method=POST uri=/auth/token status=200 durationMs=1 requestId=a9de26dd
2026-10-03 13:49:43.551 [http-nio-8080-exec-1] INFO  [8acb6087] [] c.s.filter.JwtAuthFilter - completed method=POST uri=/auth/token status=200 durationMs=2 requestId=8acb6087
2026-10-03 13:49:43.555 [http-nio-8080-exec-8] INFO  [467fc25c] [] c.s.filter.JwtAuthFilter - incoming method=POST uri=/auth/token requestId=467fc25c
2026-10-03 13:49:43.556 [http-nio-8080-exec-8] INFO  [467fc25c] [] c.s.filter.JwtAuthFilter - completed method=POST uri=/auth/token status=200 durationMs=1 requestId=467fc25c
2026-10-03 13:49:43.558 [http-nio-8080-exec-14] INFO  [3c995cda] [] c.s.filter.JwtAuthFilter - incoming method=POST uri=/auth/token requestId=3c995cda
2026-10-03 13:49:43.558 [http-nio-8080-exec-19] INFO  [956dd580] [] c.s.filter.JwtAuthFilter - incoming method=POST uri=/auth/token requestId=956dd580
2026-10-03 13:49:43.559 [http-nio-8080-exec-14] INFO  [3c995cda] [] c.s.filter.JwtAuthFilter - completed method=POST uri=/auth/token status=200 durationMs=1 requestId=3c995cda
2026-10-03 13:49:43.560 [http-nio-8080-exec-19] INFO  [956dd580] [] c.s.filter.JwtAuthFilter - completed method=POST uri=/auth/token status=200 durationMs=2 requestId=956dd580
2026-10-03 13:49:43.565 [http-nio-8080-exec-3] INFO  [0ab6dec2] [] c.s.filter.JwtAuthFilter - incoming method=POST uri=/auth/token requestId=0ab6dec2
2026-10-03 13:49:43.567 [http-nio-8080-exec-3] INFO  [0ab6dec2] [] c.s.filter.JwtAuthFilter - completed method=POST uri=/auth/token status=200 durationMs=2 requestId=0ab6dec2
2026-10-03 13:49:43.573 [http-nio-8080-exec-7] INFO  [06af6c24] [] c.s.filter.JwtAuthFilter - incoming method=POST uri=/auth/token requestId=06af6c24
2026-10-03 13:49:43.575 [http-nio-8080-exec-7] INFO  [06af6c24] [] c.s.filter.JwtAuthFilter - completed method=POST uri=/auth/token status=200 durationMs=2 requestId=06af6c24
2026-10-03 13:49:43.582 [http-nio-8080-exec-5] INFO  [3fe8d2c2] [] c.s.filter.JwtAuthFilter - incoming method=POST uri=/auth/token requestId=3fe8d2c2
2026-10-03 13:49:43.583 [http-nio-8080-exec-2] INFO  [75533e73] [] c.s.filter.JwtAuthFilter - incoming method=POST uri=/auth/token requestId=75533e73
2026-10-03 13:49:43.584 [http-nio-8080-exec-5] INFO  [3fe8d2c2] [] c.s.filter.JwtAuthFilter - completed method=POST uri=/auth/token status=200 durationMs=2 requestId=3fe8d2c2
2026-10-03 13:49:43.584 [http-nio-8080-exec-2] INFO  [75533e73] [] c.s.filter.JwtAuthFilter - completed method=POST uri=/auth/token status=200 durationMs=1 requestId=75533e73
2026-10-03 13:49:43.587 [http-nio-8080-exec-20] INFO  [18197b4e] [] c.s.filter.JwtAuthFilter - incoming method=POST uri=/auth/token requestId=18197b4e
2026-10-03 13:49:43.588 [http-nio-8080-exec-17] INFO  [b8f4bb1a] [] c.s.filter.JwtAuthFilter - incoming method=POST uri=/auth/token requestId=b8f4bb1a
2026-10-03 13:49:43.589 [http-nio-8080-exec-20] INFO  [18197b4e] [] c.s.filter.JwtAuthFilter - completed method=POST uri=/auth/token status=200 durationMs=2 requestId=18197b4e
2026-10-03 13:49:43.589 [http-nio-8080-exec-17] INFO  [b8f4bb1a] [] c.s.filter.JwtAuthFilter - completed method=POST uri=/auth/token status=200 durationMs=2 requestId=b8f4bb1a
2026-10-03 13:49:43.595 [http-nio-8080-exec-16] INFO  [7b2dffe2] [] c.s.filter.JwtAuthFilter - incoming method=POST uri=/auth/token requestId=7b2dffe2
2026-10-03 13:49:43.596 [http-nio-8080-exec-1] INFO  [9256e194] [] c.s.filter.JwtAuthFilter - incoming method=POST uri=/auth/token requestId=9256e194
2026-10-03 13:49:43.597 [http-nio-8080-exec-1] INFO  [9256e194] [] c.s.filter.JwtAuthFilter - completed method=POST uri=/auth/token status=200 durationMs=1 requestId=9256e194
2026-10-03 13:49:43.597 [http-nio-8080-exec-22] INFO  [641dd4a3] [] c.s.filter.JwtAuthFilter - incoming method=POST uri=/auth/token requestId=641dd4a3
2026-10-03 13:49:43.597 [http-nio-8080-exec-4] INFO  [a430cd32] [] c.s.filter.JwtAuthFilter - incoming method=POST uri=/auth/token requestId=a430cd32
2026-10-03 13:49:43.597 [http-nio-8080-exec-16] INFO  [7b2dffe2] [] c.s.filter.JwtAuthFilter - completed method=POST uri=/auth/token status=200 durationMs=2 requestId=7b2dffe2
2026-10-03 13:49:43.599 [http-nio-8080-exec-4] INFO  [a430cd32] [] c.s.filter.JwtAuthFilter - completed method=POST uri=/auth/token status=200 durationMs=2 requestId=a430cd32
2026-10-03 13:49:43.599 [http-nio-8080-exec-9] INFO  [54ea88f8] [] c.s.filter.JwtAuthFilter - incoming method=POST uri=/auth/token requestId=54ea88f8
2026-10-03 13:49:43.599 [http-nio-8080-exec-22] INFO  [641dd4a3] [] c.s.filter.JwtAuthFilter - completed method=POST uri=/auth/token status=200 durationMs=2 requestId=641dd4a3
2026-10-03 13:49:43.600 [http-nio-8080-exec-9] INFO  [54ea88f8] [] c.s.filter.JwtAuthFilter - completed method=POST uri=/auth/token status=200 durationMs=1 requestId=54ea88f8
2026-10-03 13:49:43.603 [http-nio-8080-exec-10] INFO  [348493f1] [] c.s.filter.JwtAuthFilter - incoming method=POST uri=/auth/token requestId=348493f1
2026-10-03 13:49:43.604 [http-nio-8080-exec-14] INFO  [42bfab51] [] c.s.filter.JwtAuthFilter - incoming method=POST uri=/auth/token requestId=42bfab51
2026-10-03 13:49:43.604 [http-nio-8080-exec-10] INFO  [348493f1] [] c.s.filter.JwtAuthFilter - completed method=POST uri=/auth/token status=200 durationMs=1 requestId=348493f1
2026-10-03 13:49:43.604 [http-nio-8080-exec-14] INFO  [42bfab51] [] c.s.filter.JwtAuthFilter - completed method=POST uri=/auth/token status=200 durationMs=0 requestId=42bfab51
2026-10-03 13:49:43.613 [http-nio-8080-exec-15] INFO  [cacd08cc] [] c.s.filter.JwtAuthFilter - incoming method=POST uri=/auth/token requestId=cacd08cc
2026-10-03 13:49:43.613 [http-nio-8080-exec-5] INFO  [a23ebd9a] [] c.s.filter.JwtAuthFilter - incoming method=POST uri=/auth/token requestId=a23ebd9a
2026-10-03 13:49:43.614 [http-nio-8080-exec-5] INFO  [a23ebd9a] [] c.s.filter.JwtAuthFilter - completed method=POST uri=/auth/token status=200 durationMs=1 requestId=a23ebd9a
2026-10-03 13:49:43.614 [http-nio-8080-exec-15] INFO  [cacd08cc] [] c.s.filter.JwtAuthFilter - completed method=POST uri=/auth/token status=200 durationMs=1 requestId=cacd08cc
2026-10-03 13:49:43.614 [http-nio-8080-exec-15] INFO  [9dd0544e] [] c.s.filter.JwtAuthFilter - incoming method=POST uri=/auth/token requestId=9dd0544e
2026-10-03 13:49:43.615 [http-nio-8080-exec-2] INFO  [56175174] [] c.s.filter.JwtAuthFilter - incoming method=POST uri=/auth/token requestId=56175174
2026-10-03 13:49:43.615 [http-nio-8080-exec-15] INFO  [9dd0544e] [] c.s.filter.JwtAuthFilter - completed method=POST uri=/auth/token status=200 durationMs=1 requestId=9dd0544e
2026-10-03 13:49:43.615 [http-nio-8080-exec-2] INFO  [56175174] [] c.s.filter.JwtAuthFilter - completed method=POST uri=/auth/token status=200 durationMs=0 requestId=56175174
2026-10-03 13:49:43.619 [http-nio-8080-exec-23] INFO  [bb4d7d6c] [] c.s.filter.JwtAuthFilter - incoming method=POST uri=/auth/token requestId=bb4d7d6c
2026-10-03 13:49:43.620 [http-nio-8080-exec-23] INFO  [bb4d7d6c] [] c.s.filter.JwtAuthFilter - completed method=POST uri=/auth/token status=200 durationMs=2 requestId=bb4d7d6c
2026-10-03 13:49:43.620 [http-nio-8080-exec-23] INFO  [513a3951] [] c.s.filter.JwtAuthFilter - incoming method=POST uri=/auth/token requestId=513a3951
2026-10-03 13:49:43.620 [http-nio-8080-exec-20] INFO  [abd0fa1e] [] c.s.filter.JwtAuthFilter - incoming method=POST uri=/auth/token requestId=abd0fa1e
2026-10-03 13:49:43.620 [http-nio-8080-exec-17] INFO  [bc8fd9f1] [] c.s.filter.JwtAuthFilter - incoming method=POST uri=/auth/token requestId=bc8fd9f1
2026-10-03 13:49:43.620 [http-nio-8080-exec-23] INFO  [513a3951] [] c.s.filter.JwtAuthFilter - completed method=POST uri=/auth/token status=200 durationMs=0 requestId=513a3951
2026-10-03 13:49:43.621 [http-nio-8080-exec-17] INFO  [bc8fd9f1] [] c.s.filter.JwtAuthFilter - completed method=POST uri=/auth/token status=200 durationMs=1 requestId=bc8fd9f1
2026-10-03 13:49:43.621 [http-nio-8080-exec-20] INFO  [abd0fa1e] [] c.s.filter.JwtAuthFilter - completed method=POST uri=/auth/token status=200 durationMs=1 requestId=abd0fa1e
2026-10-03 13:49:43.623 [http-nio-8080-exec-23] INFO  [3941560e] [] c.s.filter.JwtAuthFilter - incoming method=POST uri=/auth/token requestId=3941560e
2026-10-03 13:49:43.624 [http-nio-8080-exec-23] INFO  [3941560e] [] c.s.filter.JwtAuthFilter - completed method=POST uri=/auth/token status=200 durationMs=1 requestId=3941560e
2026-10-03 13:49:43.628 [http-nio-8080-exec-4] INFO  [fc8fc3ca] [] c.s.filter.JwtAuthFilter - incoming method=POST uri=/auth/token requestId=fc8fc3ca
2026-10-03 13:49:43.628 [http-nio-8080-exec-9] INFO  [2c4a8ea5] [] c.s.filter.JwtAuthFilter - incoming method=POST uri=/auth/token requestId=2c4a8ea5
2026-10-03 13:49:43.630 [http-nio-8080-exec-4] INFO  [fc8fc3ca] [] c.s.filter.JwtAuthFilter - completed method=POST uri=/auth/token status=200 durationMs=2 requestId=fc8fc3ca
2026-10-03 13:49:43.630 [http-nio-8080-exec-9] INFO  [2c4a8ea5] [] c.s.filter.JwtAuthFilter - completed method=POST uri=/auth/token status=200 durationMs=2 requestId=2c4a8ea5
2026-10-03 13:49:43.649 [http-nio-8080-exec-7] INFO  [2ff11f6f] [] c.s.filter.JwtAuthFilter - incoming method=POST uri=/auth/token requestId=2ff11f6f
2026-10-03 13:49:43.649 [http-nio-8080-exec-5] INFO  [a67e54e5] [] c.s.filter.JwtAuthFilter - incoming method=POST uri=/auth/token requestId=a67e54e5
2026-10-03 13:49:43.649 [http-nio-8080-exec-15] INFO  [558182e2] [] c.s.filter.JwtAuthFilter - incoming method=POST uri=/auth/token requestId=558182e2
2026-10-03 13:49:43.650 [http-nio-8080-exec-7] INFO  [2ff11f6f] [] c.s.filter.JwtAuthFilter - completed method=POST uri=/auth/token status=200 durationMs=1 requestId=2ff11f6f
2026-10-03 13:49:43.650 [http-nio-8080-exec-15] INFO  [558182e2] [] c.s.filter.JwtAuthFilter - completed method=POST uri=/auth/token status=200 durationMs=1 requestId=558182e2
2026-10-03 13:49:43.650 [http-nio-8080-exec-5] INFO  [a67e54e5] [] c.s.filter.JwtAuthFilter - completed method=POST uri=/auth/token status=200 durationMs=1 requestId=a67e54e5
2026-10-03 13:49:43.652 [http-nio-8080-exec-2] INFO  [3a8d5aef] [] c.s.filter.JwtAuthFilter - incoming method=POST uri=/auth/token requestId=3a8d5aef
2026-10-03 13:49:43.653 [http-nio-8080-exec-2] INFO  [3a8d5aef] [] c.s.filter.JwtAuthFilter - completed method=POST uri=/auth/token status=200 durationMs=1 requestId=3a8d5aef
2026-10-03 13:49:43.653 [http-nio-8080-exec-2] INFO  [b4129ff7] [] c.s.filter.JwtAuthFilter - incoming method=POST uri=/auth/token requestId=b4129ff7
2026-10-03 13:49:43.654 [http-nio-8080-exec-18] INFO  [8bbe1073] [] c.s.filter.JwtAuthFilter - incoming method=POST uri=/auth/token requestId=8bbe1073
2026-10-03 13:49:43.654 [http-nio-8080-exec-2] INFO  [b4129ff7] [] c.s.filter.JwtAuthFilter - completed method=POST uri=/auth/token status=200 durationMs=1 requestId=b4129ff7
2026-10-03 13:49:43.659 [http-nio-8080-exec-18] INFO  [8bbe1073] [] c.s.filter.JwtAuthFilter - completed method=POST uri=/auth/token status=200 durationMs=5 requestId=8bbe1073
2026-10-03 13:49:43.664 [http-nio-8080-exec-1] INFO  [bc81244a] [] c.s.filter.JwtAuthFilter - incoming method=POST uri=/auth/token requestId=bc81244a
2026-10-03 13:49:43.665 [http-nio-8080-exec-1] INFO  [bc81244a] [] c.s.filter.JwtAuthFilter - completed method=POST uri=/auth/token status=200 durationMs=1 requestId=bc81244a
2026-10-03 13:49:43.668 [http-nio-8080-exec-8] INFO  [eb9cf981] [] c.s.filter.JwtAuthFilter - incoming method=POST uri=/auth/token requestId=eb9cf981
2026-10-03 13:49:43.668 [http-nio-8080-exec-10] INFO  [d497ac07] [] c.s.filter.JwtAuthFilter - incoming method=POST uri=/auth/token requestId=d497ac07
2026-10-03 13:49:43.668 [http-nio-8080-exec-14] INFO  [b1d5a367] [] c.s.filter.JwtAuthFilter - incoming method=POST uri=/auth/token requestId=b1d5a367
2026-10-03 13:49:43.669 [http-nio-8080-exec-14] INFO  [b1d5a367] [] c.s.filter.JwtAuthFilter - completed method=POST uri=/auth/token status=200 durationMs=1 requestId=b1d5a367
2026-10-03 13:49:43.669 [http-nio-8080-exec-10] INFO  [d497ac07] [] c.s.filter.JwtAuthFilter - completed method=POST uri=/auth/token status=200 durationMs=1 requestId=d497ac07
2026-10-03 13:49:43.670 [http-nio-8080-exec-8] INFO  [eb9cf981] [] c.s.filter.JwtAuthFilter - completed method=POST uri=/auth/token status=200 durationMs=2 requestId=eb9cf981
2026-10-03 13:49:43.670 [http-nio-8080-exec-14] INFO  [8c0bd12a] [] c.s.filter.JwtAuthFilter - incoming method=POST uri=/auth/token requestId=8c0bd12a
2026-10-03 13:49:43.670 [http-nio-8080-exec-14] INFO  [8c0bd12a] [] c.s.filter.JwtAuthFilter - completed method=POST uri=/auth/token status=200 durationMs=0 requestId=8c0bd12a
2026-10-03 13:49:43.670 [http-nio-8080-exec-8] INFO  [5c20e2b4] [] c.s.filter.JwtAuthFilter - incoming method=POST uri=/auth/token requestId=5c20e2b4
2026-10-03 13:49:43.671 [http-nio-8080-exec-8] INFO  [5c20e2b4] [] c.s.filter.JwtAuthFilter - completed method=POST uri=/auth/token status=200 durationMs=1 requestId=5c20e2b4
2026-10-03 13:49:43.672 [http-nio-8080-exec-10] INFO  [86e75962] [] c.s.filter.JwtAuthFilter - incoming method=POST uri=/auth/token requestId=86e75962
2026-10-03 13:49:43.674 [http-nio-8080-exec-10] INFO  [86e75962] [] c.s.filter.JwtAuthFilter - completed method=POST uri=/auth/token status=200 durationMs=2 requestId=86e75962
2026-10-03 13:49:43.677 [http-nio-8080-exec-9] INFO  [27fbd485] [] c.s.filter.JwtAuthFilter - incoming method=POST uri=/auth/token requestId=27fbd485
2026-10-03 13:49:43.677 [http-nio-8080-exec-3] INFO  [bdba3ecb] [] c.s.filter.JwtAuthFilter - incoming method=POST uri=/auth/token requestId=bdba3ecb
2026-10-03 13:49:43.679 [http-nio-8080-exec-3] INFO  [bdba3ecb] [] c.s.filter.JwtAuthFilter - completed method=POST uri=/auth/token status=200 durationMs=2 requestId=bdba3ecb
2026-10-03 13:49:43.679 [http-nio-8080-exec-9] INFO  [27fbd485] [] c.s.filter.JwtAuthFilter - completed method=POST uri=/auth/token status=200 durationMs=2 requestId=27fbd485
2026-10-03 13:49:43.680 [http-nio-8080-exec-9] INFO  [2dd4c245] [] c.s.filter.JwtAuthFilter - incoming method=POST uri=/auth/token requestId=2dd4c245
2026-10-03 13:49:43.681 [http-nio-8080-exec-9] INFO  [2dd4c245] [] c.s.filter.JwtAuthFilter - completed method=POST uri=/auth/token status=200 durationMs=1 requestId=2dd4c245
2026-10-03 13:49:43.686 [http-nio-8080-exec-2] INFO  [c93dd27b] [] c.s.filter.JwtAuthFilter - incoming method=POST uri=/auth/token requestId=c93dd27b
2026-10-03 13:49:43.686 [http-nio-8080-exec-17] INFO  [a18f1934] [] c.s.filter.JwtAuthFilter - incoming method=POST uri=/auth/token requestId=a18f1934
2026-10-03 13:49:43.686 [http-nio-8080-exec-22] INFO  [7e0c8b8d] [] c.s.filter.JwtAuthFilter - incoming method=POST uri=/auth/token requestId=7e0c8b8d
2026-10-03 13:49:43.687 [http-nio-8080-exec-22] INFO  [7e0c8b8d] [] c.s.filter.JwtAuthFilter - completed method=POST uri=/auth/token status=200 durationMs=1 requestId=7e0c8b8d
2026-10-03 13:49:43.687 [http-nio-8080-exec-2] INFO  [c93dd27b] [] c.s.filter.JwtAuthFilter - completed method=POST uri=/auth/token status=200 durationMs=1 requestId=c93dd27b
2026-10-03 13:49:43.687 [http-nio-8080-exec-17] INFO  [a18f1934] [] c.s.filter.JwtAuthFilter - completed method=POST uri=/auth/token status=200 durationMs=1 requestId=a18f1934
2026-10-03 13:49:43.689 [http-nio-8080-exec-6] INFO  [99dd85d1] [] c.s.filter.JwtAuthFilter - incoming method=POST uri=/auth/token requestId=99dd85d1
2026-10-03 13:49:43.689 [http-nio-8080-exec-3] INFO  [0778f6e4] [] c.s.filter.JwtAuthFilter - incoming method=POST uri=/auth/token requestId=0778f6e4
2026-10-03 13:49:43.689 [http-nio-8080-exec-4] INFO  [1d9a2037] [] c.s.filter.JwtAuthFilter - incoming method=POST uri=/auth/token requestId=1d9a2037
2026-10-03 13:49:43.689 [http-nio-8080-exec-10] INFO  [d2064b90] [] c.s.filter.JwtAuthFilter - incoming method=POST uri=/auth/token requestId=d2064b90
2026-10-03 13:49:43.690 [http-nio-8080-exec-5] INFO  [3f2e9966] [] c.s.filter.JwtAuthFilter - incoming method=POST uri=/auth/token requestId=3f2e9966
2026-10-03 13:49:43.690 [http-nio-8080-exec-6] INFO  [99dd85d1] [] c.s.filter.JwtAuthFilter - completed method=POST uri=/auth/token status=200 durationMs=1 requestId=99dd85d1
2026-10-03 13:49:43.690 [http-nio-8080-exec-4] INFO  [1d9a2037] [] c.s.filter.JwtAuthFilter - completed method=POST uri=/auth/token status=200 durationMs=1 requestId=1d9a2037
2026-10-03 13:49:43.690 [http-nio-8080-exec-10] INFO  [d2064b90] [] c.s.filter.JwtAuthFilter - completed method=POST uri=/auth/token status=200 durationMs=1 requestId=d2064b90
2026-10-03 13:49:43.695 [http-nio-8080-exec-20] INFO  [4380d615] [] c.s.filter.JwtAuthFilter - incoming method=POST uri=/auth/token requestId=4380d615
2026-10-03 13:49:43.695 [http-nio-8080-exec-9] INFO  [4b985482] [] c.s.filter.JwtAuthFilter - incoming method=POST uri=/auth/token requestId=4b985482
2026-10-03 13:49:43.695 [http-nio-8080-exec-18] INFO  [6deab2b2] [] c.s.filter.JwtAuthFilter - incoming method=POST uri=/auth/token requestId=6deab2b2
2026-10-03 13:49:43.695 [http-nio-8080-exec-21] INFO  [7f6a55ad] [] c.s.filter.JwtAuthFilter - incoming method=POST uri=/auth/token requestId=7f6a55ad
2026-10-03 13:49:43.696 [http-nio-8080-exec-3] INFO  [0778f6e4] [] c.s.filter.JwtAuthFilter - completed method=POST uri=/auth/token status=200 durationMs=7 requestId=0778f6e4
2026-10-03 13:49:43.697 [http-nio-8080-exec-21] INFO  [7f6a55ad] [] c.s.filter.JwtAuthFilter - completed method=POST uri=/auth/token status=200 durationMs=2 requestId=7f6a55ad
2026-10-03 13:49:43.697 [http-nio-8080-exec-20] INFO  [4380d615] [] c.s.filter.JwtAuthFilter - completed method=POST uri=/auth/token status=200 durationMs=2 requestId=4380d615
2026-10-03 13:49:43.697 [http-nio-8080-exec-18] INFO  [6deab2b2] [] c.s.filter.JwtAuthFilter - completed method=POST uri=/auth/token status=200 durationMs=2 requestId=6deab2b2
2026-10-03 13:49:43.697 [http-nio-8080-exec-18] INFO  [468c2783] [] c.s.filter.JwtAuthFilter - incoming method=POST uri=/auth/token requestId=468c2783
2026-10-03 13:49:43.698 [http-nio-8080-exec-18] INFO  [468c2783] [] c.s.filter.JwtAuthFilter - completed method=POST uri=/auth/token status=200 durationMs=1 requestId=468c2783
2026-10-03 13:49:43.698 [http-nio-8080-exec-5] INFO  [3f2e9966] [] c.s.filter.JwtAuthFilter - completed method=POST uri=/auth/token status=200 durationMs=8 requestId=3f2e9966
2026-10-03 13:49:43.698 [http-nio-8080-exec-9] INFO  [4b985482] [] c.s.filter.JwtAuthFilter - completed method=POST uri=/auth/token status=200 durationMs=3 requestId=4b985482
2026-10-03 13:49:43.699 [http-nio-8080-exec-1] INFO  [8c9ecdf6] [] c.s.filter.JwtAuthFilter - incoming method=POST uri=/auth/token requestId=8c9ecdf6
2026-10-03 13:49:43.700 [http-nio-8080-exec-1] INFO  [8c9ecdf6] [] c.s.filter.JwtAuthFilter - completed method=POST uri=/auth/token status=200 durationMs=1 requestId=8c9ecdf6
2026-10-03 13:49:43.706 [http-nio-8080-exec-14] INFO  [ec589958] [] c.s.filter.JwtAuthFilter - incoming method=POST uri=/auth/token requestId=ec589958
2026-10-03 13:49:43.706 [http-nio-8080-exec-8] INFO  [93777fb6] [] c.s.filter.JwtAuthFilter - incoming method=POST uri=/auth/token requestId=93777fb6
2026-10-03 13:49:43.707 [http-nio-8080-exec-14] INFO  [ec589958] [] c.s.filter.JwtAuthFilter - completed method=POST uri=/auth/token status=200 durationMs=1 requestId=ec589958
2026-10-03 13:49:43.708 [http-nio-8080-exec-8] INFO  [93777fb6] [] c.s.filter.JwtAuthFilter - completed method=POST uri=/auth/token status=200 durationMs=2 requestId=93777fb6
2026-10-03 13:49:43.713 [http-nio-8080-exec-10] INFO  [90583353] [] c.s.filter.JwtAuthFilter - incoming method=POST uri=/auth/token requestId=90583353
2026-10-03 13:49:43.714 [http-nio-8080-exec-10] INFO  [90583353] [] c.s.filter.JwtAuthFilter - completed method=POST uri=/auth/token status=200 durationMs=1 requestId=90583353
2026-10-03 13:49:43.719 [http-nio-8080-exec-7] INFO  [4a288201] [] c.s.filter.JwtAuthFilter - incoming method=POST uri=/auth/token requestId=4a288201
2026-10-03 13:49:43.720 [http-nio-8080-exec-15] INFO  [d58d6f86] [] c.s.filter.JwtAuthFilter - incoming method=POST uri=/auth/token requestId=d58d6f86
2026-10-03 13:49:43.721 [http-nio-8080-exec-15] INFO  [d58d6f86] [] c.s.filter.JwtAuthFilter - completed method=POST uri=/auth/token status=200 durationMs=1 requestId=d58d6f86
2026-10-03 13:49:43.721 [http-nio-8080-exec-7] INFO  [4a288201] [] c.s.filter.JwtAuthFilter - completed method=POST uri=/auth/token status=200 durationMs=2 requestId=4a288201
2026-10-03 13:49:43.728 [http-nio-8080-exec-9] INFO  [a0cddeb9] [] c.s.filter.JwtAuthFilter - incoming method=POST uri=/auth/token requestId=a0cddeb9
2026-10-03 13:49:43.728 [http-nio-8080-exec-18] INFO  [8f0a38be] [] c.s.filter.JwtAuthFilter - incoming method=POST uri=/auth/token requestId=8f0a38be
2026-10-03 13:49:43.728 [http-nio-8080-exec-3] INFO  [0681cad7] [] c.s.filter.JwtAuthFilter - incoming method=POST uri=/auth/token requestId=0681cad7
2026-10-03 13:49:43.728 [http-nio-8080-exec-5] INFO  [42a07dee] [] c.s.filter.JwtAuthFilter - incoming method=POST uri=/auth/token requestId=42a07dee
2026-10-03 13:49:43.728 [http-nio-8080-exec-11] INFO  [71efffa4] [] c.s.filter.JwtAuthFilter - incoming method=POST uri=/auth/token requestId=71efffa4
2026-10-03 13:49:43.729 [http-nio-8080-exec-9] INFO  [a0cddeb9] [] c.s.filter.JwtAuthFilter - completed method=POST uri=/auth/token status=200 durationMs=2 requestId=a0cddeb9
2026-10-03 13:49:43.729 [http-nio-8080-exec-18] INFO  [8f0a38be] [] c.s.filter.JwtAuthFilter - completed method=POST uri=/auth/token status=200 durationMs=2 requestId=8f0a38be
2026-10-03 13:49:43.734 [http-nio-8080-exec-2] INFO  [ef40c6d9] [] c.s.filter.JwtAuthFilter - incoming method=POST uri=/auth/token requestId=ef40c6d9
2026-10-03 13:49:43.734 [http-nio-8080-exec-19] INFO  [95079622] [] c.s.filter.JwtAuthFilter - incoming method=POST uri=/auth/token requestId=95079622
2026-10-03 13:49:43.735 [http-nio-8080-exec-2] INFO  [ef40c6d9] [] c.s.filter.JwtAuthFilter - completed method=POST uri=/auth/token status=200 durationMs=2 requestId=ef40c6d9
2026-10-03 13:49:43.735 [http-nio-8080-exec-19] INFO  [95079622] [] c.s.filter.JwtAuthFilter - completed method=POST uri=/auth/token status=200 durationMs=1 requestId=95079622
2026-10-03 13:49:43.735 [http-nio-8080-exec-5] INFO  [42a07dee] [] c.s.filter.JwtAuthFilter - completed method=POST uri=/auth/token status=200 durationMs=7 requestId=42a07dee
2026-10-03 13:49:43.737 [http-nio-8080-exec-11] INFO  [71efffa4] [] c.s.filter.JwtAuthFilter - completed method=POST uri=/auth/token status=200 durationMs=9 requestId=71efffa4
2026-10-03 13:49:43.737 [http-nio-8080-exec-22] INFO  [9c5bf593] [] c.s.filter.JwtAuthFilter - incoming method=POST uri=/auth/token requestId=9c5bf593
2026-10-03 13:49:43.738 [http-nio-8080-exec-22] INFO  [9c5bf593] [] c.s.filter.JwtAuthFilter - completed method=POST uri=/auth/token status=200 durationMs=1 requestId=9c5bf593
2026-10-03 13:49:43.742 [http-nio-8080-exec-3] INFO  [0681cad7] [] c.s.filter.JwtAuthFilter - completed method=POST uri=/auth/token status=200 durationMs=14 requestId=0681cad7
2026-10-03 13:49:43.742 [http-nio-8080-exec-8] INFO  [9f59f482] [] c.s.filter.JwtAuthFilter - incoming method=POST uri=/auth/token requestId=9f59f482
2026-10-03 13:49:43.742 [http-nio-8080-exec-14] INFO  [d2ed26bc] [] c.s.filter.JwtAuthFilter - incoming method=POST uri=/auth/token requestId=d2ed26bc
2026-10-03 13:49:43.744 [http-nio-8080-exec-14] INFO  [d2ed26bc] [] c.s.filter.JwtAuthFilter - completed method=POST uri=/auth/token status=200 durationMs=2 requestId=d2ed26bc
2026-10-03 13:49:43.744 [http-nio-8080-exec-8] INFO  [9f59f482] [] c.s.filter.JwtAuthFilter - completed method=POST uri=/auth/token status=200 durationMs=2 requestId=9f59f482
2026-10-03 13:49:43.750 [http-nio-8080-exec-10] INFO  [cae27825] [] c.s.filter.JwtAuthFilter - incoming method=POST uri=/auth/token requestId=cae27825
2026-10-03 13:49:43.752 [http-nio-8080-exec-7] INFO  [92446ba2] [] c.s.filter.JwtAuthFilter - incoming method=POST uri=/auth/token requestId=92446ba2
2026-10-03 13:49:43.752 [http-nio-8080-exec-20] INFO  [d4714071] [] c.s.filter.JwtAuthFilter - incoming method=POST uri=/auth/token requestId=d4714071
2026-10-03 13:49:43.752 [http-nio-8080-exec-21] INFO  [cb7af2b5] [] c.s.filter.JwtAuthFilter - incoming method=POST uri=/auth/token requestId=cb7af2b5
2026-10-03 13:49:43.752 [http-nio-8080-exec-10] INFO  [cae27825] [] c.s.filter.JwtAuthFilter - completed method=POST uri=/auth/token status=200 durationMs=2 requestId=cae27825
2026-10-03 13:49:43.753 [http-nio-8080-exec-15] INFO  [34fddeaa] [] c.s.filter.JwtAuthFilter - incoming method=POST uri=/auth/token requestId=34fddeaa
2026-10-03 13:49:43.753 [http-nio-8080-exec-7] INFO  [92446ba2] [] c.s.filter.JwtAuthFilter - completed method=POST uri=/auth/token status=200 durationMs=1 requestId=92446ba2
2026-10-03 13:49:43.753 [http-nio-8080-exec-21] INFO  [cb7af2b5] [] c.s.filter.JwtAuthFilter - completed method=POST uri=/auth/token status=200 durationMs=1 requestId=cb7af2b5
2026-10-03 13:49:43.753 [http-nio-8080-exec-20] INFO  [d4714071] [] c.s.filter.JwtAuthFilter - completed method=POST uri=/auth/token status=200 durationMs=1 requestId=d4714071
2026-10-03 13:49:43.762 [http-nio-8080-exec-2] INFO  [99c82b99] [] c.s.filter.JwtAuthFilter - incoming method=POST uri=/auth/token requestId=99c82b99
2026-10-03 13:49:43.764 [http-nio-8080-exec-2] INFO  [99c82b99] [] c.s.filter.JwtAuthFilter - completed method=POST uri=/auth/token status=200 durationMs=2 requestId=99c82b99
2026-10-03 13:49:43.765 [http-nio-8080-exec-2] INFO  [06863a04] [] c.s.filter.JwtAuthFilter - incoming method=POST uri=/auth/token requestId=06863a04
2026-10-03 13:49:43.766 [http-nio-8080-exec-19] INFO  [b6b0c1c9] [] c.s.filter.JwtAuthFilter - incoming method=POST uri=/auth/token requestId=b6b0c1c9
2026-10-03 13:49:43.767 [http-nio-8080-exec-2] INFO  [06863a04] [] c.s.filter.JwtAuthFilter - completed method=POST uri=/auth/token status=200 durationMs=2 requestId=06863a04
2026-10-03 13:49:43.767 [http-nio-8080-exec-15] INFO  [34fddeaa] [] c.s.filter.JwtAuthFilter - completed method=POST uri=/auth/token status=200 durationMs=14 requestId=34fddeaa
2026-10-03 13:49:43.771 [http-nio-8080-exec-17] INFO  [6308dff0] [] c.s.filter.JwtAuthFilter - incoming method=POST uri=/auth/token requestId=6308dff0
2026-10-03 13:49:43.772 [http-nio-8080-exec-12] INFO  [decd6fe8] [] c.s.filter.JwtAuthFilter - incoming method=POST uri=/auth/token requestId=decd6fe8
2026-10-03 13:49:43.773 [http-nio-8080-exec-19] INFO  [b6b0c1c9] [] c.s.filter.JwtAuthFilter - completed method=POST uri=/auth/token status=200 durationMs=7 requestId=b6b0c1c9
2026-10-03 13:49:43.773 [http-nio-8080-exec-12] INFO  [decd6fe8] [] c.s.filter.JwtAuthFilter - completed method=POST uri=/auth/token status=200 durationMs=1 requestId=decd6fe8
2026-10-03 13:49:43.773 [http-nio-8080-exec-17] INFO  [6308dff0] [] c.s.filter.JwtAuthFilter - completed method=POST uri=/auth/token status=200 durationMs=2 requestId=6308dff0
2026-10-03 13:49:43.773 [http-nio-8080-exec-22] INFO  [4f389574] [] c.s.filter.JwtAuthFilter - incoming method=POST uri=/auth/token requestId=4f389574
2026-10-03 13:49:43.775 [http-nio-8080-exec-22] INFO  [4f389574] [] c.s.filter.JwtAuthFilter - completed method=POST uri=/auth/token status=200 durationMs=2 requestId=4f389574
2026-10-03 13:49:43.778 [http-nio-8080-exec-6] INFO  [4d679df1] [] c.s.filter.JwtAuthFilter - incoming method=POST uri=/auth/token requestId=4d679df1
2026-10-03 13:49:43.778 [http-nio-8080-exec-7] INFO  [13bd2433] [] c.s.filter.JwtAuthFilter - incoming method=POST uri=/auth/token requestId=13bd2433
2026-10-03 13:49:43.778 [http-nio-8080-exec-10] INFO  [3250f115] [] c.s.filter.JwtAuthFilter - incoming method=POST uri=/auth/token requestId=3250f115
2026-10-03 13:49:43.779 [http-nio-8080-exec-13] INFO  [869f894d] [] c.s.filter.JwtAuthFilter - incoming method=POST uri=/auth/token requestId=869f894d
2026-10-03 13:49:43.780 [http-nio-8080-exec-7] INFO  [13bd2433] [] c.s.filter.JwtAuthFilter - completed method=POST uri=/auth/token status=200 durationMs=2 requestId=13bd2433
2026-10-03 13:49:43.780 [http-nio-8080-exec-6] INFO  [4d679df1] [] c.s.filter.JwtAuthFilter - completed method=POST uri=/auth/token status=200 durationMs=2 requestId=4d679df1
2026-10-03 13:49:43.780 [http-nio-8080-exec-13] INFO  [869f894d] [] c.s.filter.JwtAuthFilter - completed method=POST uri=/auth/token status=200 durationMs=1 requestId=869f894d
2026-10-03 13:49:43.780 [http-nio-8080-exec-10] INFO  [3250f115] [] c.s.filter.JwtAuthFilter - completed method=POST uri=/auth/token status=200 durationMs=2 requestId=3250f115
2026-10-03 13:49:43.782 [http-nio-8080-exec-18] INFO  [8b81a0ff] [] c.s.filter.JwtAuthFilter - incoming method=POST uri=/auth/token requestId=8b81a0ff
2026-10-03 13:49:43.783 [http-nio-8080-exec-18] INFO  [8b81a0ff] [] c.s.filter.JwtAuthFilter - completed method=POST uri=/auth/token status=200 durationMs=1 requestId=8b81a0ff
2026-10-03 13:49:43.786 [http-nio-8080-exec-2] INFO  [a6bbc9bf] [] c.s.filter.JwtAuthFilter - incoming method=POST uri=/auth/token requestId=a6bbc9bf
2026-10-03 13:49:43.786 [http-nio-8080-exec-16] INFO  [a1a42312] [] c.s.filter.JwtAuthFilter - incoming method=POST uri=/auth/token requestId=a1a42312
2026-10-03 13:49:43.787 [http-nio-8080-exec-2] INFO  [a6bbc9bf] [] c.s.filter.JwtAuthFilter - completed method=POST uri=/auth/token status=200 durationMs=1 requestId=a6bbc9bf
2026-10-03 13:49:43.794 [http-nio-8080-exec-19] INFO  [a7f049eb] [] c.s.filter.JwtAuthFilter - incoming method=POST uri=/auth/token requestId=a7f049eb
2026-10-03 13:49:43.795 [http-nio-8080-exec-19] INFO  [a7f049eb] [] c.s.filter.JwtAuthFilter - completed method=POST uri=/auth/token status=200 durationMs=1 requestId=a7f049eb
2026-10-03 13:49:43.796 [http-nio-8080-exec-16] INFO  [a1a42312] [] c.s.filter.JwtAuthFilter - completed method=POST uri=/auth/token status=200 durationMs=10 requestId=a1a42312
2026-10-03 13:49:43.805 [http-nio-8080-exec-22] INFO  [cd0cb734] [] c.s.filter.JwtAuthFilter - incoming method=POST uri=/auth/token requestId=cd0cb734
2026-10-03 13:49:43.805 [http-nio-8080-exec-11] INFO  [3e96ba32] [] c.s.filter.JwtAuthFilter - incoming method=POST uri=/auth/token requestId=3e96ba32
2026-10-03 13:49:43.805 [http-nio-8080-exec-4] INFO  [72ae56b5] [] c.s.filter.JwtAuthFilter - incoming method=POST uri=/auth/token requestId=72ae56b5
2026-10-03 13:49:43.806 [http-nio-8080-exec-22] INFO  [cd0cb734] [] c.s.filter.JwtAuthFilter - completed method=POST uri=/auth/token status=200 durationMs=1 requestId=cd0cb734
2026-10-03 13:49:43.806 [http-nio-8080-exec-11] INFO  [3e96ba32] [] c.s.filter.JwtAuthFilter - completed method=POST uri=/auth/token status=200 durationMs=1 requestId=3e96ba32
2026-10-03 13:49:43.806 [http-nio-8080-exec-4] INFO  [72ae56b5] [] c.s.filter.JwtAuthFilter - completed method=POST uri=/auth/token status=200 durationMs=1 requestId=72ae56b5
2026-10-03 13:49:43.806 [http-nio-8080-exec-22] INFO  [cd1f4661] [] c.s.filter.JwtAuthFilter - incoming method=POST uri=/auth/token requestId=cd1f4661
2026-10-03 13:49:43.807 [http-nio-8080-exec-11] INFO  [9ac82ba0] [] c.s.filter.JwtAuthFilter - incoming method=POST uri=/auth/token requestId=9ac82ba0
2026-10-03 13:49:43.807 [http-nio-8080-exec-4] INFO  [12aaab59] [] c.s.filter.JwtAuthFilter - incoming method=POST uri=/auth/token requestId=12aaab59
2026-10-03 13:49:43.807 [http-nio-8080-exec-11] INFO  [9ac82ba0] [] c.s.filter.JwtAuthFilter - completed method=POST uri=/auth/token status=200 durationMs=0 requestId=9ac82ba0
2026-10-03 13:49:43.808 [http-nio-8080-exec-22] INFO  [cd1f4661] [] c.s.filter.JwtAuthFilter - completed method=POST uri=/auth/token status=200 durationMs=2 requestId=cd1f4661
2026-10-03 13:49:43.808 [http-nio-8080-exec-11] INFO  [8fd88a83] [] c.s.filter.JwtAuthFilter - incoming method=POST uri=/auth/token requestId=8fd88a83
2026-10-03 13:49:43.808 [http-nio-8080-exec-4] INFO  [12aaab59] [] c.s.filter.JwtAuthFilter - completed method=POST uri=/auth/token status=200 durationMs=1 requestId=12aaab59
2026-10-03 13:49:43.809 [http-nio-8080-exec-11] INFO  [8fd88a83] [] c.s.filter.JwtAuthFilter - completed method=POST uri=/auth/token status=200 durationMs=1 requestId=8fd88a83
2026-10-03 13:49:43.810 [http-nio-8080-exec-20] INFO  [35bb3ec5] [] c.s.filter.JwtAuthFilter - incoming method=POST uri=/auth/token requestId=35bb3ec5
2026-10-03 13:49:43.811 [http-nio-8080-exec-20] INFO  [35bb3ec5] [] c.s.filter.JwtAuthFilter - completed method=POST uri=/auth/token status=200 durationMs=1 requestId=35bb3ec5
2026-10-03 13:49:43.814 [http-nio-8080-exec-15] INFO  [bc3910ba] [] c.s.filter.JwtAuthFilter - incoming method=POST uri=/auth/token requestId=bc3910ba
2026-10-03 13:49:43.815 [http-nio-8080-exec-23] INFO  [91302e2e] [] c.s.filter.JwtAuthFilter - incoming method=POST uri=/auth/token requestId=91302e2e
2026-10-03 13:49:43.815 [http-nio-8080-exec-15] INFO  [bc3910ba] [] c.s.filter.JwtAuthFilter - completed method=POST uri=/auth/token status=200 durationMs=1 requestId=bc3910ba
2026-10-03 13:49:43.816 [http-nio-8080-exec-23] INFO  [91302e2e] [] c.s.filter.JwtAuthFilter - completed method=POST uri=/auth/token status=200 durationMs=1 requestId=91302e2e
2026-10-03 13:49:43.818 [http-nio-8080-exec-1] INFO  [a4171ba9] [] c.s.filter.JwtAuthFilter - incoming method=POST uri=/auth/token requestId=a4171ba9
2026-10-03 13:49:43.819 [http-nio-8080-exec-1] INFO  [a4171ba9] [] c.s.filter.JwtAuthFilter - completed method=POST uri=/auth/token status=200 durationMs=1 requestId=a4171ba9
2026-10-03 13:49:43.821 [http-nio-8080-exec-16] INFO  [1459a06d] [] c.s.filter.JwtAuthFilter - incoming method=POST uri=/auth/token requestId=1459a06d
2026-10-03 13:49:43.823 [http-nio-8080-exec-16] INFO  [1459a06d] [] c.s.filter.JwtAuthFilter - completed method=POST uri=/auth/token status=200 durationMs=2 requestId=1459a06d
2026-10-03 13:49:43.837 [http-nio-8080-exec-14] INFO  [33212f4a] [] c.s.filter.JwtAuthFilter - incoming method=POST uri=/auth/token requestId=33212f4a
2026-10-03 13:49:43.839 [http-nio-8080-exec-14] INFO  [33212f4a] [] c.s.filter.JwtAuthFilter - completed method=POST uri=/auth/token status=200 durationMs=2 requestId=33212f4a
2026-10-03 13:49:43.840 [http-nio-8080-exec-22] INFO  [3e322b25] [] c.s.filter.JwtAuthFilter - incoming method=POST uri=/auth/token requestId=3e322b25
2026-10-03 13:49:43.841 [http-nio-8080-exec-8] INFO  [d5d9e18b] [] c.s.filter.JwtAuthFilter - incoming method=POST uri=/auth/token requestId=d5d9e18b
2026-10-03 13:49:43.841 [http-nio-8080-exec-22] INFO  [3e322b25] [] c.s.filter.JwtAuthFilter - completed method=POST uri=/auth/token status=200 durationMs=1 requestId=3e322b25
2026-10-03 13:49:43.841 [http-nio-8080-exec-8] INFO  [d5d9e18b] [] c.s.filter.JwtAuthFilter - completed method=POST uri=/auth/token status=200 durationMs=0 requestId=d5d9e18b
2026-10-03 13:49:43.841 [http-nio-8080-exec-22] INFO  [609a8e44] [] c.s.filter.JwtAuthFilter - incoming method=POST uri=/auth/token requestId=609a8e44
2026-10-03 13:49:43.842 [http-nio-8080-exec-22] INFO  [609a8e44] [] c.s.filter.JwtAuthFilter - completed method=POST uri=/auth/token status=200 durationMs=1 requestId=609a8e44
2026-10-03 13:49:43.849 [http-nio-8080-exec-10] INFO  [37ef5104] [] c.s.filter.JwtAuthFilter - incoming method=POST uri=/auth/token requestId=37ef5104
2026-10-03 13:49:43.851 [http-nio-8080-exec-10] INFO  [37ef5104] [] c.s.filter.JwtAuthFilter - completed method=POST uri=/auth/token status=200 durationMs=2 requestId=37ef5104
2026-10-03 13:49:43.851 [http-nio-8080-exec-10] INFO  [6ac370b0] [] c.s.filter.JwtAuthFilter - incoming method=POST uri=/auth/token requestId=6ac370b0
2026-10-03 13:49:43.852 [http-nio-8080-exec-11] INFO  [73ff4b28] [] c.s.filter.JwtAuthFilter - incoming method=POST uri=/auth/token requestId=73ff4b28
2026-10-03 13:49:43.852 [http-nio-8080-exec-11] INFO  [73ff4b28] [] c.s.filter.JwtAuthFilter - completed method=POST uri=/auth/token status=200 durationMs=0 requestId=73ff4b28
2026-10-03 13:49:43.853 [http-nio-8080-exec-10] INFO  [6ac370b0] [] c.s.filter.JwtAuthFilter - completed method=POST uri=/auth/token status=200 durationMs=2 requestId=6ac370b0
2026-10-03 13:49:43.853 [http-nio-8080-exec-11] INFO  [09ca65a2] [] c.s.filter.JwtAuthFilter - incoming method=POST uri=/auth/token requestId=09ca65a2
2026-10-03 13:49:43.853 [http-nio-8080-exec-11] INFO  [09ca65a2] [] c.s.filter.JwtAuthFilter - completed method=POST uri=/auth/token status=200 durationMs=0 requestId=09ca65a2
2026-10-03 13:49:43.857 [http-nio-8080-exec-18] INFO  [98a8220f] [] c.s.filter.JwtAuthFilter - incoming method=POST uri=/auth/token requestId=98a8220f
2026-10-03 13:49:43.857 [http-nio-8080-exec-5] INFO  [763175f5] [] c.s.filter.JwtAuthFilter - incoming method=POST uri=/auth/token requestId=763175f5
2026-10-03 13:49:43.858 [http-nio-8080-exec-5] INFO  [763175f5] [] c.s.filter.JwtAuthFilter - completed method=POST uri=/auth/token status=200 durationMs=1 requestId=763175f5
2026-10-03 13:49:43.858 [http-nio-8080-exec-18] INFO  [98a8220f] [] c.s.filter.JwtAuthFilter - completed method=POST uri=/auth/token status=200 durationMs=1 requestId=98a8220f
2026-10-03 13:49:43.862 [http-nio-8080-exec-19] INFO  [5ba5937e] [] c.s.filter.JwtAuthFilter - incoming method=POST uri=/auth/token requestId=5ba5937e
2026-10-03 13:49:43.863 [http-nio-8080-exec-19] INFO  [5ba5937e] [] c.s.filter.JwtAuthFilter - completed method=POST uri=/auth/token status=200 durationMs=1 requestId=5ba5937e
2026-10-03 13:49:43.867 [http-nio-8080-exec-16] INFO  [4a672b09] [] c.s.filter.JwtAuthFilter - incoming method=POST uri=/auth/token requestId=4a672b09
2026-10-03 13:49:43.868 [http-nio-8080-exec-3] INFO  [f678315e] [] c.s.filter.JwtAuthFilter - incoming method=POST uri=/auth/token requestId=f678315e
2026-10-03 13:49:43.869 [http-nio-8080-exec-3] INFO  [f678315e] [] c.s.filter.JwtAuthFilter - completed method=POST uri=/auth/token status=200 durationMs=1 requestId=f678315e
2026-10-03 13:49:43.870 [http-nio-8080-exec-16] INFO  [4a672b09] [] c.s.filter.JwtAuthFilter - completed method=POST uri=/auth/token status=200 durationMs=3 requestId=4a672b09
2026-10-03 13:49:43.875 [http-nio-8080-exec-22] INFO  [b76cf769] [] c.s.filter.JwtAuthFilter - incoming method=POST uri=/auth/token requestId=b76cf769
2026-10-03 13:49:43.876 [http-nio-8080-exec-22] INFO  [b76cf769] [] c.s.filter.JwtAuthFilter - completed method=POST uri=/auth/token status=200 durationMs=1 requestId=b76cf769
2026-10-03 13:49:43.877 [http-nio-8080-exec-4] INFO  [cfc5313b] [] c.s.filter.JwtAuthFilter - incoming method=POST uri=/auth/token requestId=cfc5313b
2026-10-03 13:49:43.878 [http-nio-8080-exec-4] INFO  [cfc5313b] [] c.s.filter.JwtAuthFilter - completed method=POST uri=/auth/token status=200 durationMs=1 requestId=cfc5313b
2026-10-03 13:49:43.878 [http-nio-8080-exec-4] INFO  [0c60d8ab] [] c.s.filter.JwtAuthFilter - incoming method=POST uri=/auth/token requestId=0c60d8ab
2026-10-03 13:49:43.879 [http-nio-8080-exec-4] INFO  [0c60d8ab] [] c.s.filter.JwtAuthFilter - completed method=POST uri=/auth/token status=200 durationMs=1 requestId=0c60d8ab
2026-10-03 13:49:43.884 [http-nio-8080-exec-9] INFO  [060add37] [] c.s.filter.JwtAuthFilter - incoming method=POST uri=/auth/token requestId=060add37
2026-10-03 13:49:43.884 [http-nio-8080-exec-11] INFO  [7e50ab05] [] c.s.filter.JwtAuthFilter - incoming method=POST uri=/auth/token requestId=7e50ab05
2026-10-03 13:49:43.884 [http-nio-8080-exec-20] INFO  [7ff0a448] [] c.s.filter.JwtAuthFilter - incoming method=POST uri=/auth/token requestId=7ff0a448
2026-10-03 13:49:43.885 [http-nio-8080-exec-9] INFO  [060add37] [] c.s.filter.JwtAuthFilter - completed method=POST uri=/auth/token status=200 durationMs=1 requestId=060add37
2026-10-03 13:49:43.886 [http-nio-8080-exec-20] INFO  [7ff0a448] [] c.s.filter.JwtAuthFilter - completed method=POST uri=/auth/token status=200 durationMs=1 requestId=7ff0a448
2026-10-03 13:49:43.887 [http-nio-8080-exec-11] INFO  [7e50ab05] [] c.s.filter.JwtAuthFilter - completed method=POST uri=/auth/token status=200 durationMs=3 requestId=7e50ab05
2026-10-03 13:49:43.894 [http-nio-8080-exec-2] INFO  [a9f4b93c] [] c.s.filter.JwtAuthFilter - incoming method=POST uri=/auth/token requestId=a9f4b93c
2026-10-03 13:49:43.895 [http-nio-8080-exec-2] INFO  [a9f4b93c] [] c.s.filter.JwtAuthFilter - completed method=POST uri=/auth/token status=200 durationMs=1 requestId=a9f4b93c
2026-10-03 13:49:43.896 [http-nio-8080-exec-2] INFO  [5dc578d2] [] c.s.filter.JwtAuthFilter - incoming method=POST uri=/auth/token requestId=5dc578d2
2026-10-03 13:49:43.896 [http-nio-8080-exec-5] INFO  [f70bf40e] [] c.s.filter.JwtAuthFilter - incoming method=POST uri=/auth/token requestId=f70bf40e
2026-10-03 13:49:43.897 [http-nio-8080-exec-2] INFO  [5dc578d2] [] c.s.filter.JwtAuthFilter - completed method=POST uri=/auth/token status=200 durationMs=1 requestId=5dc578d2
2026-10-03 13:49:43.897 [http-nio-8080-exec-5] INFO  [f70bf40e] [] c.s.filter.JwtAuthFilter - completed method=POST uri=/auth/token status=200 durationMs=1 requestId=f70bf40e
2026-10-03 13:49:43.899 [http-nio-8080-exec-12] INFO  [bd3e8f36] [] c.s.filter.JwtAuthFilter - incoming method=POST uri=/auth/token requestId=bd3e8f36
2026-10-03 13:49:43.900 [http-nio-8080-exec-12] INFO  [bd3e8f36] [] c.s.filter.JwtAuthFilter - completed method=POST uri=/auth/token status=200 durationMs=1 requestId=bd3e8f36
2026-10-03 13:49:43.901 [http-nio-8080-exec-12] INFO  [fa50b333] [] c.s.filter.JwtAuthFilter - incoming method=POST uri=/auth/token requestId=fa50b333
2026-10-03 13:49:43.901 [http-nio-8080-exec-17] INFO  [7a8f6e67] [] c.s.filter.JwtAuthFilter - incoming method=POST uri=/auth/token requestId=7a8f6e67
2026-10-03 13:49:43.902 [http-nio-8080-exec-17] INFO  [7a8f6e67] [] c.s.filter.JwtAuthFilter - completed method=POST uri=/auth/token status=200 durationMs=0 requestId=7a8f6e67
2026-10-03 13:49:43.902 [http-nio-8080-exec-12] INFO  [fa50b333] [] c.s.filter.JwtAuthFilter - completed method=POST uri=/auth/token status=200 durationMs=1 requestId=fa50b333
2026-10-03 13:49:43.905 [http-nio-8080-exec-19] INFO  [a14663ca] [] c.s.filter.JwtAuthFilter - incoming method=POST uri=/auth/token requestId=a14663ca
2026-10-03 13:49:43.907 [http-nio-8080-exec-19] INFO  [a14663ca] [] c.s.filter.JwtAuthFilter - completed method=POST uri=/auth/token status=200 durationMs=2 requestId=a14663ca
2026-10-03 13:49:43.908 [http-nio-8080-exec-7] INFO  [b91ebcf8] [] c.s.filter.JwtAuthFilter - incoming method=POST uri=/auth/token requestId=b91ebcf8
2026-10-03 13:49:43.909 [http-nio-8080-exec-22] INFO  [f47a9873] [] c.s.filter.JwtAuthFilter - incoming method=POST uri=/auth/token requestId=f47a9873
2026-10-03 13:49:43.909 [http-nio-8080-exec-7] INFO  [b91ebcf8] [] c.s.filter.JwtAuthFilter - completed method=POST uri=/auth/token status=200 durationMs=1 requestId=b91ebcf8
2026-10-03 13:49:43.910 [http-nio-8080-exec-13] INFO  [8c14db28] [] c.s.filter.JwtAuthFilter - incoming method=POST uri=/auth/token requestId=8c14db28
2026-10-03 13:49:43.910 [http-nio-8080-exec-7] INFO  [da82def0] [] c.s.filter.JwtAuthFilter - incoming method=POST uri=/auth/token requestId=da82def0
2026-10-03 13:49:43.910 [http-nio-8080-exec-22] INFO  [f47a9873] [] c.s.filter.JwtAuthFilter - completed method=POST uri=/auth/token status=200 durationMs=1 requestId=f47a9873
2026-10-03 13:49:43.911 [http-nio-8080-exec-6] INFO  [dd4e7155] [] c.s.filter.JwtAuthFilter - incoming method=POST uri=/auth/token requestId=dd4e7155
2026-10-03 13:49:43.920 [http-nio-8080-exec-19] INFO  [7a519cf0] [] c.s.filter.JwtAuthFilter - incoming method=POST uri=/auth/token requestId=7a519cf0
2026-10-03 13:49:43.921 [http-nio-8080-exec-7] INFO  [da82def0] [] c.s.filter.JwtAuthFilter - completed method=POST uri=/auth/token status=200 durationMs=11 requestId=da82def0
2026-10-03 13:49:43.922 [http-nio-8080-exec-19] INFO  [7a519cf0] [] c.s.filter.JwtAuthFilter - completed method=POST uri=/auth/token status=200 durationMs=2 requestId=7a519cf0
2026-10-03 13:49:43.922 [http-nio-8080-exec-13] INFO  [8c14db28] [] c.s.filter.JwtAuthFilter - completed method=POST uri=/auth/token status=200 durationMs=12 requestId=8c14db28
2026-10-03 13:49:43.922 [http-nio-8080-exec-6] INFO  [dd4e7155] [] c.s.filter.JwtAuthFilter - completed method=POST uri=/auth/token status=200 durationMs=11 requestId=dd4e7155
2026-10-03 13:49:43.923 [http-nio-8080-exec-15] INFO  [f2c6a60b] [] c.s.filter.JwtAuthFilter - incoming method=POST uri=/auth/token requestId=f2c6a60b
2026-10-03 13:49:43.924 [http-nio-8080-exec-15] INFO  [f2c6a60b] [] c.s.filter.JwtAuthFilter - completed method=POST uri=/auth/token status=200 durationMs=1 requestId=f2c6a60b
2026-10-03 13:49:43.925 [http-nio-8080-exec-23] INFO  [585ab3a0] [] c.s.filter.JwtAuthFilter - incoming method=POST uri=/auth/token requestId=585ab3a0
2026-10-03 13:49:43.925 [http-nio-8080-exec-4] INFO  [b7b4861d] [] c.s.filter.JwtAuthFilter - incoming method=POST uri=/auth/token requestId=b7b4861d
2026-10-03 13:49:43.926 [http-nio-8080-exec-23] INFO  [585ab3a0] [] c.s.filter.JwtAuthFilter - completed method=POST uri=/auth/token status=200 durationMs=1 requestId=585ab3a0
2026-10-03 13:49:43.927 [http-nio-8080-exec-4] INFO  [b7b4861d] [] c.s.filter.JwtAuthFilter - completed method=POST uri=/auth/token status=200 durationMs=2 requestId=b7b4861d
2026-10-03 13:49:43.927 [http-nio-8080-exec-5] INFO  [279752de] [] c.s.filter.JwtAuthFilter - incoming method=POST uri=/auth/token requestId=279752de
2026-10-03 13:49:43.928 [http-nio-8080-exec-17] INFO  [d25b1913] [] c.s.filter.JwtAuthFilter - incoming method=POST uri=/auth/token requestId=d25b1913
2026-10-03 13:49:43.928 [http-nio-8080-exec-17] INFO  [d25b1913] [] c.s.filter.JwtAuthFilter - completed method=POST uri=/auth/token status=200 durationMs=0 requestId=d25b1913
2026-10-03 13:49:43.929 [http-nio-8080-exec-12] INFO  [6252d313] [] c.s.filter.JwtAuthFilter - incoming method=POST uri=/auth/token requestId=6252d313
2026-10-03 13:49:43.929 [http-nio-8080-exec-17] INFO  [e5c1e020] [] c.s.filter.JwtAuthFilter - incoming method=POST uri=/auth/token requestId=e5c1e020
2026-10-03 13:49:43.930 [http-nio-8080-exec-12] INFO  [6252d313] [] c.s.filter.JwtAuthFilter - completed method=POST uri=/auth/token status=200 durationMs=1 requestId=6252d313
2026-10-03 13:49:43.930 [http-nio-8080-exec-17] INFO  [e5c1e020] [] c.s.filter.JwtAuthFilter - completed method=POST uri=/auth/token status=200 durationMs=1 requestId=e5c1e020
2026-10-03 13:49:43.936 [http-nio-8080-exec-5] INFO  [279752de] [] c.s.filter.JwtAuthFilter - completed method=POST uri=/auth/token status=200 durationMs=9 requestId=279752de
2026-10-03 13:49:43.938 [http-nio-8080-exec-11] INFO  [d0591f0c] [] c.s.filter.JwtAuthFilter - incoming method=POST uri=/auth/token requestId=d0591f0c
2026-10-03 13:49:43.939 [http-nio-8080-exec-11] INFO  [d0591f0c] [] c.s.filter.JwtAuthFilter - completed method=POST uri=/auth/token status=200 durationMs=1 requestId=d0591f0c
2026-10-03 13:49:43.945 [http-nio-8080-exec-19] INFO  [e4d4d620] [] c.s.filter.JwtAuthFilter - incoming method=POST uri=/auth/token requestId=e4d4d620
2026-10-03 13:49:43.954 [http-nio-8080-exec-19] INFO  [e4d4d620] [] c.s.filter.JwtAuthFilter - completed method=POST uri=/auth/token status=200 durationMs=11 requestId=e4d4d620
2026-10-03 13:49:43.956 [http-nio-8080-exec-19] INFO  [8e10f181] [] c.s.filter.JwtAuthFilter - incoming method=POST uri=/auth/token requestId=8e10f181
2026-10-03 13:49:43.959 [http-nio-8080-exec-18] INFO  [b3f7427c] [] c.s.filter.JwtAuthFilter - incoming method=POST uri=/auth/token requestId=b3f7427c
2026-10-03 13:49:43.960 [http-nio-8080-exec-15] INFO  [ace00d16] [] c.s.filter.JwtAuthFilter - incoming method=POST uri=/auth/token requestId=ace00d16
2026-10-03 13:49:43.960 [http-nio-8080-exec-14] INFO  [f4ab5f20] [] c.s.filter.JwtAuthFilter - incoming method=POST uri=/auth/token requestId=f4ab5f20
2026-10-03 13:49:43.960 [http-nio-8080-exec-1] INFO  [7bd32683] [] c.s.filter.JwtAuthFilter - incoming method=POST uri=/auth/token requestId=7bd32683
2026-10-03 13:49:43.960 [http-nio-8080-exec-16] INFO  [40cd0491] [] c.s.filter.JwtAuthFilter - incoming method=POST uri=/auth/token requestId=40cd0491
2026-10-03 13:49:43.961 [http-nio-8080-exec-12] INFO  [1f523fee] [] c.s.filter.JwtAuthFilter - incoming method=POST uri=/auth/token requestId=1f523fee
2026-10-03 13:49:43.961 [http-nio-8080-exec-18] INFO  [b3f7427c] [] c.s.filter.JwtAuthFilter - completed method=POST uri=/auth/token status=200 durationMs=2 requestId=b3f7427c
2026-10-03 13:49:43.961 [http-nio-8080-exec-3] INFO  [33155a5c] [] c.s.filter.JwtAuthFilter - incoming method=POST uri=/auth/token requestId=33155a5c
2026-10-03 13:49:43.961 [http-nio-8080-exec-19] INFO  [8e10f181] [] c.s.filter.JwtAuthFilter - completed method=POST uri=/auth/token status=200 durationMs=5 requestId=8e10f181
2026-10-03 13:49:43.961 [http-nio-8080-exec-15] INFO  [ace00d16] [] c.s.filter.JwtAuthFilter - completed method=POST uri=/auth/token status=200 durationMs=2 requestId=ace00d16
2026-10-03 13:49:43.961 [http-nio-8080-exec-18] INFO  [b67486a9] [] c.s.filter.JwtAuthFilter - incoming method=POST uri=/auth/token requestId=b67486a9
2026-10-03 13:49:43.961 [http-nio-8080-exec-16] INFO  [40cd0491] [] c.s.filter.JwtAuthFilter - completed method=POST uri=/auth/token status=200 durationMs=1 requestId=40cd0491
2026-10-03 13:49:43.961 [http-nio-8080-exec-12] INFO  [1f523fee] [] c.s.filter.JwtAuthFilter - completed method=POST uri=/auth/token status=200 durationMs=0 requestId=1f523fee
2026-10-03 13:49:43.961 [http-nio-8080-exec-19] INFO  [94721401] [] c.s.filter.JwtAuthFilter - incoming method=POST uri=/auth/token requestId=94721401
2026-10-03 13:49:43.961 [http-nio-8080-exec-14] INFO  [f4ab5f20] [] c.s.filter.JwtAuthFilter - completed method=POST uri=/auth/token status=200 durationMs=1 requestId=f4ab5f20
2026-10-03 13:49:43.961 [http-nio-8080-exec-15] INFO  [35a6304a] [] c.s.filter.JwtAuthFilter - incoming method=POST uri=/auth/token requestId=35a6304a
2026-10-03 13:49:43.961 [http-nio-8080-exec-16] INFO  [c6f5a61b] [] c.s.filter.JwtAuthFilter - incoming method=POST uri=/auth/token requestId=c6f5a61b
2026-10-03 13:49:43.961 [http-nio-8080-exec-17] INFO  [7f9afd17] [] c.s.filter.JwtAuthFilter - incoming method=POST uri=/auth/token requestId=7f9afd17
2026-10-03 13:49:43.961 [http-nio-8080-exec-12] INFO  [8b05c628] [] c.s.filter.JwtAuthFilter - incoming method=POST uri=/auth/token requestId=8b05c628
2026-10-03 13:49:43.962 [http-nio-8080-exec-18] INFO  [b67486a9] [] c.s.filter.JwtAuthFilter - completed method=POST uri=/auth/token status=200 durationMs=1 requestId=b67486a9
2026-10-03 13:49:43.962 [http-nio-8080-exec-14] INFO  [32dfa313] [] c.s.filter.JwtAuthFilter - incoming method=POST uri=/auth/token requestId=32dfa313
2026-10-03 13:49:43.962 [http-nio-8080-exec-16] INFO  [c6f5a61b] [] c.s.filter.JwtAuthFilter - completed method=POST uri=/auth/token status=200 durationMs=1 requestId=c6f5a61b
2026-10-03 13:49:43.962 [http-nio-8080-exec-12] INFO  [8b05c628] [] c.s.filter.JwtAuthFilter - completed method=POST uri=/auth/token status=200 durationMs=1 requestId=8b05c628
2026-10-03 13:49:43.962 [http-nio-8080-exec-19] INFO  [94721401] [] c.s.filter.JwtAuthFilter - completed method=POST uri=/auth/token status=200 durationMs=1 requestId=94721401
2026-10-03 13:49:43.962 [http-nio-8080-exec-17] INFO  [7f9afd17] [] c.s.filter.JwtAuthFilter - completed method=POST uri=/auth/token status=200 durationMs=1 requestId=7f9afd17
2026-10-03 13:49:43.962 [http-nio-8080-exec-3] INFO  [33155a5c] [] c.s.filter.JwtAuthFilter - completed method=POST uri=/auth/token status=200 durationMs=1 requestId=33155a5c
2026-10-03 13:49:43.965 [http-nio-8080-exec-1] INFO  [7bd32683] [] c.s.filter.JwtAuthFilter - completed method=POST uri=/auth/token status=200 durationMs=5 requestId=7bd32683
2026-10-03 13:49:43.963 [http-nio-8080-exec-14] INFO  [32dfa313] [] c.s.filter.JwtAuthFilter - completed method=POST uri=/auth/token status=200 durationMs=1 requestId=32dfa313
2026-10-03 13:49:43.963 [http-nio-8080-exec-3] INFO  [f25fa770] [] c.s.filter.JwtAuthFilter - incoming method=POST uri=/auth/token requestId=f25fa770
2026-10-03 13:49:43.964 [http-nio-8080-exec-10] INFO  [556d9bea] [] c.s.filter.JwtAuthFilter - incoming method=POST uri=/auth/token requestId=556d9bea
2026-10-03 13:49:43.964 [http-nio-8080-exec-20] INFO  [b70c7689] [] c.s.filter.JwtAuthFilter - incoming method=POST uri=/auth/token requestId=b70c7689
2026-10-03 13:49:43.964 [http-nio-8080-exec-9] INFO  [673836af] [] c.s.filter.JwtAuthFilter - incoming method=POST uri=/auth/token requestId=673836af
2026-10-03 13:49:43.967 [http-nio-8080-exec-3] INFO  [f25fa770] [] c.s.filter.JwtAuthFilter - completed method=POST uri=/auth/token status=200 durationMs=4 requestId=f25fa770
2026-10-03 13:49:43.967 [http-nio-8080-exec-10] INFO  [556d9bea] [] c.s.filter.JwtAuthFilter - completed method=POST uri=/auth/token status=200 durationMs=3 requestId=556d9bea
2026-10-03 13:49:43.967 [http-nio-8080-exec-9] INFO  [673836af] [] c.s.filter.JwtAuthFilter - completed method=POST uri=/auth/token status=200 durationMs=3 requestId=673836af
2026-10-03 13:49:43.967 [http-nio-8080-exec-15] INFO  [35a6304a] [] c.s.filter.JwtAuthFilter - completed method=POST uri=/auth/token status=200 durationMs=6 requestId=35a6304a
2026-10-03 13:49:43.967 [http-nio-8080-exec-8] INFO  [ca8cf041] [] c.s.filter.JwtAuthFilter - incoming method=POST uri=/auth/token requestId=ca8cf041
2026-10-03 13:49:43.968 [http-nio-8080-exec-20] INFO  [b70c7689] [] c.s.filter.JwtAuthFilter - completed method=POST uri=/auth/token status=200 durationMs=4 requestId=b70c7689
2026-10-03 13:49:43.973 [http-nio-8080-exec-18] INFO  [d5b62011] [] c.s.filter.JwtAuthFilter - incoming method=POST uri=/auth/token requestId=d5b62011
2026-10-03 13:49:43.974 [http-nio-8080-exec-18] INFO  [d5b62011] [] c.s.filter.JwtAuthFilter - completed method=POST uri=/auth/token status=200 durationMs=1 requestId=d5b62011
2026-10-03 13:49:43.974 [http-nio-8080-exec-8] INFO  [ca8cf041] [] c.s.filter.JwtAuthFilter - completed method=POST uri=/auth/token status=200 durationMs=7 requestId=ca8cf041
2026-10-03 13:49:43.985 [http-nio-8080-exec-3] INFO  [0436e479] [] c.s.filter.JwtAuthFilter - incoming method=POST uri=/auth/token requestId=0436e479
2026-10-03 13:49:43.986 [http-nio-8080-exec-3] INFO  [0436e479] [] c.s.filter.JwtAuthFilter - completed method=POST uri=/auth/token status=200 durationMs=1 requestId=0436e479
2026-10-03 13:49:43.990 [http-nio-8080-exec-10] INFO  [bbee1648] [] c.s.filter.JwtAuthFilter - incoming method=POST uri=/auth/token requestId=bbee1648
2026-10-03 13:49:43.991 [http-nio-8080-exec-20] INFO  [ee26bab7] [] c.s.filter.JwtAuthFilter - incoming method=POST uri=/auth/token requestId=ee26bab7
2026-10-03 13:49:43.992 [http-nio-8080-exec-10] INFO  [bbee1648] [] c.s.filter.JwtAuthFilter - completed method=POST uri=/auth/token status=200 durationMs=2 requestId=bbee1648
2026-10-03 13:49:43.993 [http-nio-8080-exec-20] INFO  [ee26bab7] [] c.s.filter.JwtAuthFilter - completed method=POST uri=/auth/token status=200 durationMs=2 requestId=ee26bab7
2026-10-03 13:49:43.996 [http-nio-8080-exec-19] INFO  [3cba82e7] [] c.s.filter.JwtAuthFilter - incoming method=POST uri=/auth/token requestId=3cba82e7
2026-10-03 13:49:43.998 [http-nio-8080-exec-17] INFO  [4fa98b53] [] c.s.filter.JwtAuthFilter - incoming method=POST uri=/auth/token requestId=4fa98b53
2026-10-03 13:49:43.999 [http-nio-8080-exec-7] INFO  [f254df29] [] c.s.filter.JwtAuthFilter - incoming method=POST uri=/auth/token requestId=f254df29
2026-10-03 13:49:43.999 [http-nio-8080-exec-21] INFO  [dff67fe8] [] c.s.filter.JwtAuthFilter - incoming method=POST uri=/auth/token requestId=dff67fe8
2026-10-03 13:49:43.999 [http-nio-8080-exec-13] INFO  [a50b3fc1] [] c.s.filter.JwtAuthFilter - incoming method=POST uri=/auth/token requestId=a50b3fc1
2026-10-03 13:49:44.000 [http-nio-8080-exec-21] INFO  [dff67fe8] [] c.s.filter.JwtAuthFilter - completed method=POST uri=/auth/token status=200 durationMs=1 requestId=dff67fe8
2026-10-03 13:49:44.000 [http-nio-8080-exec-7] INFO  [f254df29] [] c.s.filter.JwtAuthFilter - completed method=POST uri=/auth/token status=200 durationMs=1 requestId=f254df29
2026-10-03 13:49:44.000 [http-nio-8080-exec-13] INFO  [a50b3fc1] [] c.s.filter.JwtAuthFilter - completed method=POST uri=/auth/token status=200 durationMs=1 requestId=a50b3fc1
2026-10-03 13:49:44.003 [http-nio-8080-exec-22] INFO  [14c545a2] [] c.s.filter.JwtAuthFilter - incoming method=POST uri=/auth/token requestId=14c545a2
2026-10-03 13:49:44.003 [http-nio-8080-exec-19] INFO  [3cba82e7] [] c.s.filter.JwtAuthFilter - completed method=POST uri=/auth/token status=200 durationMs=11 requestId=3cba82e7
2026-10-03 13:49:44.004 [http-nio-8080-exec-17] INFO  [4fa98b53] [] c.s.filter.JwtAuthFilter - completed method=POST uri=/auth/token status=200 durationMs=6 requestId=4fa98b53
2026-10-03 13:49:44.004 [http-nio-8080-exec-19] INFO  [e255c815] [] c.s.filter.JwtAuthFilter - incoming method=POST uri=/auth/token requestId=e255c815
2026-10-03 13:49:44.004 [http-nio-8080-exec-22] INFO  [14c545a2] [] c.s.filter.JwtAuthFilter - completed method=POST uri=/auth/token status=200 durationMs=1 requestId=14c545a2
2026-10-03 13:49:44.005 [http-nio-8080-exec-1] INFO  [27b4dc77] [] c.s.filter.JwtAuthFilter - incoming method=POST uri=/auth/token requestId=27b4dc77
2026-10-03 13:49:44.005 [http-nio-8080-exec-19] INFO  [e255c815] [] c.s.filter.JwtAuthFilter - completed method=POST uri=/auth/token status=200 durationMs=1 requestId=e255c815
2026-10-03 13:49:44.006 [http-nio-8080-exec-23] INFO  [d858fe40] [] c.s.filter.JwtAuthFilter - incoming method=POST uri=/auth/token requestId=d858fe40
2026-10-03 13:49:44.006 [http-nio-8080-exec-2] INFO  [2967c184] [] c.s.filter.JwtAuthFilter - incoming method=POST uri=/auth/token requestId=2967c184
2026-10-03 13:49:44.006 [http-nio-8080-exec-11] INFO  [5a1b2e05] [] c.s.filter.JwtAuthFilter - incoming method=POST uri=/auth/token requestId=5a1b2e05
2026-10-03 13:49:44.007 [http-nio-8080-exec-23] INFO  [d858fe40] [] c.s.filter.JwtAuthFilter - completed method=POST uri=/auth/token status=200 durationMs=1 requestId=d858fe40
2026-10-03 13:49:44.007 [http-nio-8080-exec-2] INFO  [2967c184] [] c.s.filter.JwtAuthFilter - completed method=POST uri=/auth/token status=200 durationMs=1 requestId=2967c184
2026-10-03 13:49:44.007 [http-nio-8080-exec-8] INFO  [d11fd826] [] c.s.filter.JwtAuthFilter - incoming method=POST uri=/auth/token requestId=d11fd826
2026-10-03 13:49:44.008 [http-nio-8080-exec-8] INFO  [d11fd826] [] c.s.filter.JwtAuthFilter - completed method=POST uri=/auth/token status=200 durationMs=1 requestId=d11fd826
2026-10-03 13:49:44.009 [http-nio-8080-exec-1] INFO  [27b4dc77] [] c.s.filter.JwtAuthFilter - completed method=POST uri=/auth/token status=200 durationMs=5 requestId=27b4dc77
2026-10-03 13:49:44.011 [http-nio-8080-exec-11] INFO  [5a1b2e05] [] c.s.filter.JwtAuthFilter - completed method=POST uri=/auth/token status=200 durationMs=5 requestId=5a1b2e05
2026-10-03 13:49:44.019 [http-nio-8080-exec-13] INFO  [da06a7b6] [] c.s.filter.JwtAuthFilter - incoming method=POST uri=/auth/token requestId=da06a7b6
2026-10-03 13:49:44.019 [http-nio-8080-exec-7] INFO  [2adf3131] [] c.s.filter.JwtAuthFilter - incoming method=POST uri=/auth/token requestId=2adf3131
2026-10-03 13:49:44.019 [http-nio-8080-exec-14] INFO  [f9a94d62] [] c.s.filter.JwtAuthFilter - incoming method=POST uri=/auth/token requestId=f9a94d62
2026-10-03 13:49:44.020 [http-nio-8080-exec-7] INFO  [2adf3131] [] c.s.filter.JwtAuthFilter - completed method=POST uri=/auth/token status=200 durationMs=1 requestId=2adf3131
2026-10-03 13:49:44.020 [http-nio-8080-exec-13] INFO  [da06a7b6] [] c.s.filter.JwtAuthFilter - completed method=POST uri=/auth/token status=200 durationMs=1 requestId=da06a7b6
2026-10-03 13:49:44.020 [http-nio-8080-exec-14] INFO  [f9a94d62] [] c.s.filter.JwtAuthFilter - completed method=POST uri=/auth/token status=200 durationMs=1 requestId=f9a94d62
2026-10-03 13:49:44.020 [http-nio-8080-exec-6] INFO  [cc6623de] [] c.s.filter.JwtAuthFilter - incoming method=POST uri=/auth/token requestId=cc6623de
2026-10-03 13:49:44.022 [http-nio-8080-exec-6] INFO  [cc6623de] [] c.s.filter.JwtAuthFilter - completed method=POST uri=/auth/token status=200 durationMs=2 requestId=cc6623de
2026-10-03 13:49:44.022 [http-nio-8080-exec-17] INFO  [7df4452a] [] c.s.filter.JwtAuthFilter - incoming method=POST uri=/auth/token requestId=7df4452a
2026-10-03 13:49:44.023 [http-nio-8080-exec-17] INFO  [7df4452a] [] c.s.filter.JwtAuthFilter - completed method=POST uri=/auth/token status=200 durationMs=1 requestId=7df4452a
2026-10-03 13:49:44.030 [http-nio-8080-exec-2] INFO  [df0cbd5e] [] c.s.filter.JwtAuthFilter - incoming method=POST uri=/auth/token requestId=df0cbd5e
2026-10-03 13:49:44.030 [http-nio-8080-exec-2] INFO  [df0cbd5e] [] c.s.filter.JwtAuthFilter - completed method=POST uri=/auth/token status=200 durationMs=0 requestId=df0cbd5e
2026-10-03 13:49:44.039 [http-nio-8080-exec-8] INFO  [936a5694] [] c.s.filter.JwtAuthFilter - incoming method=POST uri=/auth/token requestId=936a5694
2026-10-03 13:49:44.045 [http-nio-8080-exec-8] INFO  [936a5694] [] c.s.filter.JwtAuthFilter - completed method=POST uri=/auth/token status=200 durationMs=6 requestId=936a5694
2026-10-03 13:49:44.056 [http-nio-8080-exec-3] INFO  [0192898c] [] c.s.filter.JwtAuthFilter - incoming method=POST uri=/auth/token requestId=0192898c
2026-10-03 13:49:44.057 [http-nio-8080-exec-1] INFO  [25b02a62] [] c.s.filter.JwtAuthFilter - incoming method=POST uri=/auth/token requestId=25b02a62
2026-10-03 13:49:44.058 [http-nio-8080-exec-9] INFO  [213cdb61] [] c.s.filter.JwtAuthFilter - incoming method=POST uri=/auth/token requestId=213cdb61
2026-10-03 13:49:44.058 [http-nio-8080-exec-11] INFO  [03fee2e8] [] c.s.filter.JwtAuthFilter - incoming method=POST uri=/auth/token requestId=03fee2e8
2026-10-03 13:49:44.058 [http-nio-8080-exec-10] INFO  [35ef2fb0] [] c.s.filter.JwtAuthFilter - incoming method=POST uri=/auth/token requestId=35ef2fb0
2026-10-03 13:49:44.058 [http-nio-8080-exec-3] INFO  [0192898c] [] c.s.filter.JwtAuthFilter - completed method=POST uri=/auth/token status=200 durationMs=2 requestId=0192898c
2026-10-03 13:49:44.058 [http-nio-8080-exec-1] INFO  [25b02a62] [] c.s.filter.JwtAuthFilter - completed method=POST uri=/auth/token status=200 durationMs=1 requestId=25b02a62
2026-10-03 13:49:44.058 [http-nio-8080-exec-20] INFO  [11a1ebbb] [] c.s.filter.JwtAuthFilter - incoming method=POST uri=/auth/token requestId=11a1ebbb
2026-10-03 13:49:44.058 [http-nio-8080-exec-11] INFO  [03fee2e8] [] c.s.filter.JwtAuthFilter - completed method=POST uri=/auth/token status=200 durationMs=0 requestId=03fee2e8
2026-10-03 13:49:44.059 [http-nio-8080-exec-3] INFO  [713437f9] [] c.s.filter.JwtAuthFilter - incoming method=POST uri=/auth/token requestId=713437f9
2026-10-03 13:49:44.059 [http-nio-8080-exec-1] INFO  [232aafab] [] c.s.filter.JwtAuthFilter - incoming method=POST uri=/auth/token requestId=232aafab
2026-10-03 13:49:44.059 [http-nio-8080-exec-9] INFO  [213cdb61] [] c.s.filter.JwtAuthFilter - completed method=POST uri=/auth/token status=200 durationMs=1 requestId=213cdb61
2026-10-03 13:49:44.059 [http-nio-8080-exec-20] INFO  [11a1ebbb] [] c.s.filter.JwtAuthFilter - completed method=POST uri=/auth/token status=200 durationMs=1 requestId=11a1ebbb
2026-10-03 13:49:44.059 [http-nio-8080-exec-10] INFO  [35ef2fb0] [] c.s.filter.JwtAuthFilter - completed method=POST uri=/auth/token status=200 durationMs=1 requestId=35ef2fb0
2026-10-03 13:49:44.060 [http-nio-8080-exec-1] INFO  [232aafab] [] c.s.filter.JwtAuthFilter - completed method=POST uri=/auth/token status=200 durationMs=1 requestId=232aafab
2026-10-03 13:49:44.060 [http-nio-8080-exec-3] INFO  [713437f9] [] c.s.filter.JwtAuthFilter - completed method=POST uri=/auth/token status=200 durationMs=1 requestId=713437f9
2026-10-03 13:49:44.061 [http-nio-8080-exec-13] INFO  [4e5cadb1] [] c.s.filter.JwtAuthFilter - incoming method=POST uri=/auth/token requestId=4e5cadb1
2026-10-03 13:49:44.062 [http-nio-8080-exec-7] INFO  [1721c0e6] [] c.s.filter.JwtAuthFilter - incoming method=POST uri=/auth/token requestId=1721c0e6
2026-10-03 13:49:44.062 [http-nio-8080-exec-13] INFO  [4e5cadb1] [] c.s.filter.JwtAuthFilter - completed method=POST uri=/auth/token status=200 durationMs=1 requestId=4e5cadb1
2026-10-03 13:49:44.062 [http-nio-8080-exec-14] INFO  [aafc0428] [] c.s.filter.JwtAuthFilter - incoming method=POST uri=/auth/token requestId=aafc0428
2026-10-03 13:49:44.063 [http-nio-8080-exec-7] INFO  [1721c0e6] [] c.s.filter.JwtAuthFilter - completed method=POST uri=/auth/token status=200 durationMs=2 requestId=1721c0e6
2026-10-03 13:49:44.063 [http-nio-8080-exec-14] INFO  [aafc0428] [] c.s.filter.JwtAuthFilter - completed method=POST uri=/auth/token status=200 durationMs=1 requestId=aafc0428
2026-10-03 13:49:44.071 [http-nio-8080-exec-5] INFO  [86253382] [] c.s.filter.JwtAuthFilter - incoming method=POST uri=/auth/token requestId=86253382
2026-10-03 13:49:44.072 [http-nio-8080-exec-5] INFO  [86253382] [] c.s.filter.JwtAuthFilter - completed method=POST uri=/auth/token status=200 durationMs=1 requestId=86253382
2026-10-03 13:49:44.072 [http-nio-8080-exec-11] INFO  [443fb32b] [] c.s.filter.JwtAuthFilter - incoming method=POST uri=/auth/token requestId=443fb32b
2026-10-03 13:49:44.072 [http-nio-8080-exec-9] INFO  [35890b60] [] c.s.filter.JwtAuthFilter - incoming method=POST uri=/auth/token requestId=35890b60
2026-10-03 13:49:44.073 [http-nio-8080-exec-11] INFO  [443fb32b] [] c.s.filter.JwtAuthFilter - completed method=POST uri=/auth/token status=200 durationMs=1 requestId=443fb32b
2026-10-03 13:49:44.073 [http-nio-8080-exec-10] INFO  [76496c31] [] c.s.filter.JwtAuthFilter - incoming method=POST uri=/auth/token requestId=76496c31
2026-10-03 13:49:44.074 [http-nio-8080-exec-9] INFO  [35890b60] [] c.s.filter.JwtAuthFilter - completed method=POST uri=/auth/token status=200 durationMs=2 requestId=35890b60
2026-10-03 13:49:44.074 [http-nio-8080-exec-9] INFO  [8108722d] [] c.s.filter.JwtAuthFilter - incoming method=POST uri=/auth/token requestId=8108722d
2026-10-03 13:49:44.075 [http-nio-8080-exec-9] INFO  [8108722d] [] c.s.filter.JwtAuthFilter - completed method=POST uri=/auth/token status=200 durationMs=1 requestId=8108722d
2026-10-03 13:49:44.075 [http-nio-8080-exec-10] INFO  [76496c31] [] c.s.filter.JwtAuthFilter - completed method=POST uri=/auth/token status=200 durationMs=2 requestId=76496c31
2026-10-03 13:49:44.075 [http-nio-8080-exec-12] INFO  [79bf338d] [] c.s.filter.JwtAuthFilter - incoming method=POST uri=/auth/token requestId=79bf338d
2026-10-03 13:49:44.075 [http-nio-8080-exec-15] INFO  [d595021a] [] c.s.filter.JwtAuthFilter - incoming method=POST uri=/auth/token requestId=d595021a
2026-10-03 13:49:44.076 [http-nio-8080-exec-12] INFO  [79bf338d] [] c.s.filter.JwtAuthFilter - completed method=POST uri=/auth/token status=200 durationMs=1 requestId=79bf338d
2026-10-03 13:49:44.076 [http-nio-8080-exec-15] INFO  [d595021a] [] c.s.filter.JwtAuthFilter - completed method=POST uri=/auth/token status=200 durationMs=1 requestId=d595021a
2026-10-03 13:49:44.087 [http-nio-8080-exec-19] INFO  [6764e1c7] [] c.s.filter.JwtAuthFilter - incoming method=POST uri=/auth/token requestId=6764e1c7
2026-10-03 13:49:44.087 [http-nio-8080-exec-22] INFO  [7c07f456] [] c.s.filter.JwtAuthFilter - incoming method=POST uri=/auth/token requestId=7c07f456
2026-10-03 13:49:44.088 [http-nio-8080-exec-4] INFO  [ea559b59] [] c.s.filter.JwtAuthFilter - incoming method=POST uri=/auth/token requestId=ea559b59
2026-10-03 13:49:44.088 [http-nio-8080-exec-17] INFO  [65abd929] [] c.s.filter.JwtAuthFilter - incoming method=POST uri=/auth/token requestId=65abd929
2026-10-03 13:49:44.088 [http-nio-8080-exec-23] INFO  [f0c67388] [] c.s.filter.JwtAuthFilter - incoming method=POST uri=/auth/token requestId=f0c67388
2026-10-03 13:49:44.089 [http-nio-8080-exec-2] INFO  [ed26ee39] [] c.s.filter.JwtAuthFilter - incoming method=POST uri=/auth/token requestId=ed26ee39
2026-10-03 13:49:44.089 [http-nio-8080-exec-23] INFO  [f0c67388] [] c.s.filter.JwtAuthFilter - completed method=POST uri=/auth/token status=200 durationMs=1 requestId=f0c67388
2026-10-03 13:49:44.089 [http-nio-8080-exec-22] INFO  [7c07f456] [] c.s.filter.JwtAuthFilter - completed method=POST uri=/auth/token status=200 durationMs=2 requestId=7c07f456
2026-10-03 13:49:44.089 [http-nio-8080-exec-17] INFO  [65abd929] [] c.s.filter.JwtAuthFilter - completed method=POST uri=/auth/token status=200 durationMs=1 requestId=65abd929
2026-10-03 13:49:44.089 [http-nio-8080-exec-4] INFO  [ea559b59] [] c.s.filter.JwtAuthFilter - completed method=POST uri=/auth/token status=200 durationMs=1 requestId=ea559b59
2026-10-03 13:49:44.089 [http-nio-8080-exec-18] INFO  [e2550a51] [] c.s.filter.JwtAuthFilter - incoming method=POST uri=/auth/token requestId=e2550a51
2026-10-03 13:49:44.090 [http-nio-8080-exec-19] INFO  [6764e1c7] [] c.s.filter.JwtAuthFilter - completed method=POST uri=/auth/token status=200 durationMs=3 requestId=6764e1c7
2026-10-03 13:49:44.090 [http-nio-8080-exec-2] INFO  [ed26ee39] [] c.s.filter.JwtAuthFilter - completed method=POST uri=/auth/token status=200 durationMs=2 requestId=ed26ee39
2026-10-03 13:49:44.090 [http-nio-8080-exec-18] INFO  [e2550a51] [] c.s.filter.JwtAuthFilter - completed method=POST uri=/auth/token status=200 durationMs=1 requestId=e2550a51
2026-10-03 13:49:44.094 [http-nio-8080-exec-9] INFO  [9aac0f51] [] c.s.filter.JwtAuthFilter - incoming method=POST uri=/auth/token requestId=9aac0f51
2026-10-03 13:49:44.094 [http-nio-8080-exec-1] INFO  [340a8697] [] c.s.filter.JwtAuthFilter - incoming method=POST uri=/auth/token requestId=340a8697
2026-10-03 13:49:44.095 [http-nio-8080-exec-12] INFO  [93f2ac0c] [] c.s.filter.JwtAuthFilter - incoming method=POST uri=/auth/token requestId=93f2ac0c
2026-10-03 13:49:44.095 [http-nio-8080-exec-12] INFO  [93f2ac0c] [] c.s.filter.JwtAuthFilter - completed method=POST uri=/auth/token status=200 durationMs=0 requestId=93f2ac0c
2026-10-03 13:49:44.096 [http-nio-8080-exec-9] INFO  [9aac0f51] [] c.s.filter.JwtAuthFilter - completed method=POST uri=/auth/token status=200 durationMs=2 requestId=9aac0f51
2026-10-03 13:49:44.096 [http-nio-8080-exec-1] INFO  [340a8697] [] c.s.filter.JwtAuthFilter - completed method=POST uri=/auth/token status=200 durationMs=2 requestId=340a8697
2026-10-03 13:49:44.096 [http-nio-8080-exec-3] INFO  [989fbcc5] [] c.s.filter.JwtAuthFilter - incoming method=POST uri=/auth/token requestId=989fbcc5
2026-10-03 13:49:44.097 [http-nio-8080-exec-21] INFO  [150b58fa] [] c.s.filter.JwtAuthFilter - incoming method=POST uri=/auth/token requestId=150b58fa
2026-10-03 13:49:44.097 [http-nio-8080-exec-3] INFO  [989fbcc5] [] c.s.filter.JwtAuthFilter - completed method=POST uri=/auth/token status=200 durationMs=1 requestId=989fbcc5
2026-10-03 13:49:44.098 [http-nio-8080-exec-21] INFO  [150b58fa] [] c.s.filter.JwtAuthFilter - completed method=POST uri=/auth/token status=200 durationMs=1 requestId=150b58fa
2026-10-03 13:49:44.101 [http-nio-8080-exec-22] INFO  [7f830951] [] c.s.filter.JwtAuthFilter - incoming method=POST uri=/auth/token requestId=7f830951
2026-10-03 13:49:44.102 [http-nio-8080-exec-22] INFO  [7f830951] [] c.s.filter.JwtAuthFilter - completed method=POST uri=/auth/token status=200 durationMs=1 requestId=7f830951
2026-10-03 13:49:44.106 [http-nio-8080-exec-4] INFO  [266cff26] [] c.s.filter.JwtAuthFilter - incoming method=POST uri=/auth/token requestId=266cff26
2026-10-03 13:49:44.107 [http-nio-8080-exec-4] INFO  [266cff26] [] c.s.filter.JwtAuthFilter - completed method=POST uri=/auth/token status=200 durationMs=1 requestId=266cff26
2026-10-03 13:49:44.115 [http-nio-8080-exec-18] INFO  [9f6b6426] [] c.s.filter.JwtAuthFilter - incoming method=POST uri=/auth/token requestId=9f6b6426
2026-10-03 13:49:44.115 [http-nio-8080-exec-2] INFO  [5926c3ef] [] c.s.filter.JwtAuthFilter - incoming method=POST uri=/auth/token requestId=5926c3ef
2026-10-03 13:49:44.117 [http-nio-8080-exec-18] INFO  [9f6b6426] [] c.s.filter.JwtAuthFilter - completed method=POST uri=/auth/token status=200 durationMs=2 requestId=9f6b6426
2026-10-03 13:49:44.117 [http-nio-8080-exec-2] INFO  [5926c3ef] [] c.s.filter.JwtAuthFilter - completed method=POST uri=/auth/token status=200 durationMs=2 requestId=5926c3ef
2026-10-03 13:49:44.117 [http-nio-8080-exec-8] INFO  [39786a10] [] c.s.filter.JwtAuthFilter - incoming method=POST uri=/auth/token requestId=39786a10
2026-10-03 13:49:44.118 [http-nio-8080-exec-8] INFO  [39786a10] [] c.s.filter.JwtAuthFilter - completed method=POST uri=/auth/token status=200 durationMs=1 requestId=39786a10
2026-10-03 13:49:44.119 [http-nio-8080-exec-16] INFO  [ecd5e53c] [] c.s.filter.JwtAuthFilter - incoming method=POST uri=/auth/token requestId=ecd5e53c
2026-10-03 13:49:44.120 [http-nio-8080-exec-16] INFO  [ecd5e53c] [] c.s.filter.JwtAuthFilter - completed method=POST uri=/auth/token status=200 durationMs=1 requestId=ecd5e53c
2026-10-03 13:49:44.125 [http-nio-8080-exec-15] INFO  [6bb97bd8] [] c.s.filter.JwtAuthFilter - incoming method=POST uri=/auth/token requestId=6bb97bd8
2026-10-03 13:49:44.126 [http-nio-8080-exec-12] INFO  [039a025d] [] c.s.filter.JwtAuthFilter - incoming method=POST uri=/auth/token requestId=039a025d
2026-10-03 13:49:44.126 [http-nio-8080-exec-15] INFO  [6bb97bd8] [] c.s.filter.JwtAuthFilter - completed method=POST uri=/auth/token status=200 durationMs=1 requestId=6bb97bd8
2026-10-03 13:49:44.127 [http-nio-8080-exec-9] INFO  [0144c3e7] [] c.s.filter.JwtAuthFilter - incoming method=POST uri=/auth/token requestId=0144c3e7
2026-10-03 13:49:44.127 [http-nio-8080-exec-1] INFO  [b2ab9389] [] c.s.filter.JwtAuthFilter - incoming method=POST uri=/auth/token requestId=b2ab9389
2026-10-03 13:49:44.128 [http-nio-8080-exec-12] INFO  [039a025d] [] c.s.filter.JwtAuthFilter - completed method=POST uri=/auth/token status=200 durationMs=2 requestId=039a025d
2026-10-03 13:49:44.128 [http-nio-8080-exec-9] INFO  [0144c3e7] [] c.s.filter.JwtAuthFilter - completed method=POST uri=/auth/token status=200 durationMs=1 requestId=0144c3e7
2026-10-03 13:49:44.128 [http-nio-8080-exec-9] INFO  [80ee8575] [] c.s.filter.JwtAuthFilter - incoming method=POST uri=/auth/token requestId=80ee8575
2026-10-03 13:49:44.128 [http-nio-8080-exec-1] INFO  [b2ab9389] [] c.s.filter.JwtAuthFilter - completed method=POST uri=/auth/token status=200 durationMs=1 requestId=b2ab9389
2026-10-03 13:49:44.128 [http-nio-8080-exec-14] INFO  [6a2b8d40] [] c.s.filter.JwtAuthFilter - incoming method=POST uri=/auth/token requestId=6a2b8d40
2026-10-03 13:49:44.129 [http-nio-8080-exec-9] INFO  [80ee8575] [] c.s.filter.JwtAuthFilter - completed method=POST uri=/auth/token status=200 durationMs=1 requestId=80ee8575
2026-10-03 13:49:44.129 [http-nio-8080-exec-14] INFO  [6a2b8d40] [] c.s.filter.JwtAuthFilter - completed method=POST uri=/auth/token status=200 durationMs=1 requestId=6a2b8d40
2026-10-03 13:49:44.130 [http-nio-8080-exec-14] INFO  [23b60c65] [] c.s.filter.JwtAuthFilter - incoming method=POST uri=/auth/token requestId=23b60c65
2026-10-03 13:49:44.131 [http-nio-8080-exec-14] INFO  [23b60c65] [] c.s.filter.JwtAuthFilter - completed method=POST uri=/auth/token status=200 durationMs=1 requestId=23b60c65
2026-10-03 13:49:44.136 [http-nio-8080-exec-19] INFO  [9409a8b3] [] c.s.filter.JwtAuthFilter - incoming method=POST uri=/auth/token requestId=9409a8b3
2026-10-03 13:49:44.136 [http-nio-8080-exec-18] INFO  [4fa4870b] [] c.s.filter.JwtAuthFilter - incoming method=POST uri=/auth/token requestId=4fa4870b
2026-10-03 13:49:44.136 [http-nio-8080-exec-2] INFO  [e492e2fd] [] c.s.filter.JwtAuthFilter - incoming method=POST uri=/auth/token requestId=e492e2fd
2026-10-03 13:49:44.137 [http-nio-8080-exec-8] INFO  [18622436] [] c.s.filter.JwtAuthFilter - incoming method=POST uri=/auth/token requestId=18622436
2026-10-03 13:49:44.137 [http-nio-8080-exec-16] INFO  [b0e049e5] [] c.s.filter.JwtAuthFilter - incoming method=POST uri=/auth/token requestId=b0e049e5
2026-10-03 13:49:44.137 [http-nio-8080-exec-19] INFO  [9409a8b3] [] c.s.filter.JwtAuthFilter - completed method=POST uri=/auth/token status=200 durationMs=1 requestId=9409a8b3
2026-10-03 13:49:44.137 [http-nio-8080-exec-18] INFO  [4fa4870b] [] c.s.filter.JwtAuthFilter - completed method=POST uri=/auth/token status=200 durationMs=1 requestId=4fa4870b
2026-10-03 13:49:44.137 [http-nio-8080-exec-5] INFO  [eb35dd68] [] c.s.filter.JwtAuthFilter - incoming method=POST uri=/auth/token requestId=eb35dd68
2026-10-03 13:49:44.138 [http-nio-8080-exec-16] INFO  [b0e049e5] [] c.s.filter.JwtAuthFilter - completed method=POST uri=/auth/token status=200 durationMs=1 requestId=b0e049e5
2026-10-03 13:49:44.138 [http-nio-8080-exec-5] INFO  [eb35dd68] [] c.s.filter.JwtAuthFilter - completed method=POST uri=/auth/token status=200 durationMs=1 requestId=eb35dd68
2026-10-03 13:49:44.138 [http-nio-8080-exec-8] INFO  [18622436] [] c.s.filter.JwtAuthFilter - completed method=POST uri=/auth/token status=200 durationMs=1 requestId=18622436
2026-10-03 13:49:44.138 [http-nio-8080-exec-2] INFO  [e492e2fd] [] c.s.filter.JwtAuthFilter - completed method=POST uri=/auth/token status=200 durationMs=2 requestId=e492e2fd
2026-10-03 13:49:44.204 [http-nio-8080-exec-13] INFO  [21a84132] [] c.s.filter.JwtAuthFilter - incoming method=POST uri=/auth/token requestId=21a84132
2026-10-03 13:49:44.206 [http-nio-8080-exec-13] INFO  [21a84132] [] c.s.filter.JwtAuthFilter - completed method=POST uri=/auth/token status=200 durationMs=2 requestId=21a84132
2026-10-03 13:49:44.218 [http-nio-8080-exec-9] INFO  [f7c16b77] [idem-test-user] c.s.filter.JwtAuthFilter - incoming method=GET uri=/shows/396fa69d-88de-4d68-bfaa-188c657a4963 requestId=f7c16b77
2026-10-03 13:49:44.240 [http-nio-8080-exec-9] INFO  [f7c16b77] [idem-test-user] c.s.filter.JwtAuthFilter - completed method=GET uri=/shows/396fa69d-88de-4d68-bfaa-188c657a4963 status=200 durationMs=22 requestId=f7c16b77
2026-10-03 13:49:44.264 [http-nio-8080-exec-3] INFO  [510760f0] [idem-test-user] c.s.filter.JwtAuthFilter - incoming method=POST uri=/shows/396fa69d-88de-4d68-bfaa-188c657a4963/reserve requestId=510760f0
2026-10-03 13:49:44.266 [http-nio-8080-exec-21] INFO  [fce9650c] [idem-test-user] c.s.filter.JwtAuthFilter - incoming method=POST uri=/shows/396fa69d-88de-4d68-bfaa-188c657a4963/reserve requestId=fce9650c
2026-10-03 13:49:44.267 [http-nio-8080-exec-23] INFO  [14f5270b] [idem-test-user] c.s.filter.JwtAuthFilter - incoming method=POST uri=/shows/396fa69d-88de-4d68-bfaa-188c657a4963/reserve requestId=14f5270b
2026-10-03 13:49:44.269 [http-nio-8080-exec-7] INFO  [a2dcec50] [idem-test-user] c.s.filter.JwtAuthFilter - incoming method=POST uri=/shows/396fa69d-88de-4d68-bfaa-188c657a4963/reserve requestId=a2dcec50
2026-10-03 13:49:44.269 [http-nio-8080-exec-17] INFO  [eeecc135] [idem-test-user] c.s.filter.JwtAuthFilter - incoming method=POST uri=/shows/396fa69d-88de-4d68-bfaa-188c657a4963/reserve requestId=eeecc135
2026-10-03 13:49:44.292 [http-nio-8080-exec-3] INFO  [510760f0] [idem-test-user] c.s.service.ReservationService - Reservation confirmed id=36b88a03-5e85-42a5-8afb-1470d263c0e2 user=idem-test-user show=396fa69d-88de-4d68-bfaa-188c657a4963 seats=[A1] amount=25000
2026-10-03 13:49:44.296 [http-nio-8080-exec-23] INFO  [14f5270b] [idem-test-user] c.s.service.ReservationService - Seat(s) unavailable=[A1] user=idem-test-user show=396fa69d-88de-4d68-bfaa-188c657a4963
2026-10-03 13:49:44.296 [http-nio-8080-exec-7] INFO  [a2dcec50] [idem-test-user] c.s.service.ReservationService - Seat(s) unavailable=[A1] user=idem-test-user show=396fa69d-88de-4d68-bfaa-188c657a4963
2026-10-03 13:49:44.297 [http-nio-8080-exec-17] INFO  [eeecc135] [idem-test-user] c.s.service.ReservationService - Seat(s) unavailable=[A1] user=idem-test-user show=396fa69d-88de-4d68-bfaa-188c657a4963
2026-10-03 13:49:44.297 [http-nio-8080-exec-3] INFO  [510760f0] [idem-test-user] c.s.filter.JwtAuthFilter - completed method=POST uri=/shows/396fa69d-88de-4d68-bfaa-188c657a4963/reserve status=201 durationMs=33 requestId=510760f0
2026-10-03 13:49:44.297 [http-nio-8080-exec-21] INFO  [fce9650c] [idem-test-user] c.s.service.ReservationService - Seat(s) unavailable=[A1] user=idem-test-user show=396fa69d-88de-4d68-bfaa-188c657a4963
2026-10-03 13:49:44.300 [http-nio-8080-exec-21] INFO  [fce9650c] [idem-test-user] c.s.filter.JwtAuthFilter - completed method=POST uri=/shows/396fa69d-88de-4d68-bfaa-188c657a4963/reserve status=409 durationMs=34 requestId=fce9650c
2026-10-03 13:49:44.300 [http-nio-8080-exec-17] INFO  [eeecc135] [idem-test-user] c.s.filter.JwtAuthFilter - completed method=POST uri=/shows/396fa69d-88de-4d68-bfaa-188c657a4963/reserve status=409 durationMs=31 requestId=eeecc135
2026-10-03 13:49:44.300 [http-nio-8080-exec-23] INFO  [14f5270b] [idem-test-user] c.s.filter.JwtAuthFilter - completed method=POST uri=/shows/396fa69d-88de-4d68-bfaa-188c657a4963/reserve status=409 durationMs=33 requestId=14f5270b
2026-10-03 13:49:44.300 [http-nio-8080-exec-7] INFO  [a2dcec50] [idem-test-user] c.s.filter.JwtAuthFilter - completed method=POST uri=/shows/396fa69d-88de-4d68-bfaa-188c657a4963/reserve status=409 durationMs=31 requestId=a2dcec50
2026-10-03 13:49:44.335 [http-nio-8080-exec-10] INFO  [a654a24f] [] c.s.filter.JwtAuthFilter - incoming method=POST uri=/auth/token requestId=a654a24f
2026-10-03 13:49:44.337 [http-nio-8080-exec-10] INFO  [a654a24f] [] c.s.filter.JwtAuthFilter - completed method=POST uri=/auth/token status=200 durationMs=2 requestId=a654a24f
2026-10-03 13:49:44.346 [http-nio-8080-exec-5] INFO  [e82f67d0] [limit-test-user] c.s.filter.JwtAuthFilter - incoming method=GET uri=/shows/396fa69d-88de-4d68-bfaa-188c657a4963 requestId=e82f67d0
2026-10-03 13:49:44.351 [http-nio-8080-exec-5] INFO  [e82f67d0] [limit-test-user] c.s.filter.JwtAuthFilter - completed method=GET uri=/shows/396fa69d-88de-4d68-bfaa-188c657a4963 status=200 durationMs=5 requestId=e82f67d0
2026-10-03 13:49:44.399 [http-nio-8080-exec-2] INFO  [ea855926] [] c.s.filter.JwtAuthFilter - incoming method=POST uri=/auth/token requestId=ea855926
2026-10-03 13:49:44.400 [http-nio-8080-exec-2] INFO  [ea855926] [] c.s.filter.JwtAuthFilter - completed method=POST uri=/auth/token status=200 durationMs=1 requestId=ea855926
2026-10-03 13:49:44.410 [http-nio-8080-exec-20] INFO  [d2f69f42] [reconcile-user] c.s.filter.JwtAuthFilter - incoming method=GET uri=/shows/396fa69d-88de-4d68-bfaa-188c657a4963 requestId=d2f69f42
2026-10-03 13:49:44.415 [http-nio-8080-exec-20] INFO  [d2f69f42] [reconcile-user] c.s.filter.JwtAuthFilter - completed method=GET uri=/shows/396fa69d-88de-4d68-bfaa-188c657a4963 status=200 durationMs=5 requestId=d2f69f42
2026-10-03 13:49:53.569 [http-nio-8080-exec-6] INFO  [9594e9b9] [] c.s.filter.JwtAuthFilter - incoming method=GET uri=/health/ready requestId=9594e9b9
2026-10-03 13:49:53.573 [http-nio-8080-exec-6] INFO  [9594e9b9] [] c.s.filter.JwtAuthFilter - completed method=GET uri=/health/ready status=200 durationMs=4 requestId=9594e9b9
2026-10-03 13:49:56.796 [http-nio-8080-exec-13] INFO  [d9cf48ad] [] c.s.filter.JwtAuthFilter - incoming method=GET uri=/actuator/prometheus requestId=d9cf48ad
2026-10-03 13:49:56.828 [http-nio-8080-exec-13] INFO  [d9cf48ad] [] c.s.filter.JwtAuthFilter - completed method=GET uri=/actuator/prometheus status=200 durationMs=32 requestId=d9cf48ad
2026-10-03 13:49:56.895 [http-nio-8080-exec-1] INFO  [c2c5de67] [] c.s.filter.JwtAuthFilter - incoming method=GET uri=/favicon.ico requestId=c2c5de67
2026-10-03 13:49:56.895 [http-nio-8080-exec-1] INFO  [c2c5de67] [] c.s.filter.JwtAuthFilter - completed method=GET uri=/favicon.ico status=403 durationMs=1 requestId=c2c5de67
2026-10-03 13:50:03.604 [http-nio-8080-exec-9] INFO  [e45d7788] [] c.s.filter.JwtAuthFilter - incoming method=GET uri=/health/ready requestId=e45d7788
2026-10-03 13:50:03.607 [http-nio-8080-exec-9] INFO  [e45d7788] [] c.s.filter.JwtAuthFilter - completed method=GET uri=/health/ready status=200 durationMs=3 requestId=e45d7788
2026-10-03 13:50:13.644 [http-nio-8080-exec-14] INFO  [29b1be39] [] c.s.filter.JwtAuthFilter - incoming method=GET uri=/health/ready requestId=29b1be39
2026-10-03 13:50:13.647 [http-nio-8080-exec-14] INFO  [29b1be39] [] c.s.filter.JwtAuthFilter - completed method=GET uri=/health/ready status=200 durationMs=3 requestId=29b1be39
2026-10-03 13:50:23.664 [http-nio-8080-exec-3] INFO  [ddf1fc30] [] c.s.filter.JwtAuthFilter - incoming method=GET uri=/health/ready requestId=ddf1fc30
2026-10-03 13:50:23.666 [http-nio-8080-exec-3] INFO  [ddf1fc30] [] c.s.filter.JwtAuthFilter - completed method=GET uri=/health/ready status=200 durationMs=2 requestId=ddf1fc30
2026-10-03 13:50:33.687 [http-nio-8080-exec-22] INFO  [be106eac] [] c.s.filter.JwtAuthFilter - incoming method=GET uri=/health/ready requestId=be106eac
2026-10-03 13:50:33.689 [http-nio-8080-exec-22] INFO  [be106eac] [] c.s.filter.JwtAuthFilter - completed method=GET uri=/health/ready status=200 durationMs=2 requestId=be106eac
2026-10-03 13:50:43.715 [http-nio-8080-exec-17] INFO  [7189b83a] [] c.s.filter.JwtAuthFilter - incoming method=GET uri=/health/ready requestId=7189b83a
2026-10-03 13:50:43.719 [http-nio-8080-exec-17] INFO  [7189b83a] [] c.s.filter.JwtAuthFilter - completed method=GET uri=/health/ready status=200 durationMs=4 requestId=7189b83a
2026-10-03 13:50:53.754 [http-nio-8080-exec-13] INFO  [b0611279] [] c.s.filter.JwtAuthFilter - incoming method=GET uri=/health/ready requestId=b0611279
2026-10-03 13:50:53.758 [http-nio-8080-exec-13] INFO  [b0611279] [] c.s.filter.JwtAuthFilter - completed method=GET uri=/health/ready status=200 durationMs=4 requestId=b0611279
2026-10-03 13:51:03.788 [http-nio-8080-exec-3] INFO  [3bdee824] [] c.s.filter.JwtAuthFilter - incoming method=GET uri=/health/ready requestId=3bdee824
2026-10-03 13:51:03.791 [http-nio-8080-exec-3] INFO  [3bdee824] [] c.s.filter.JwtAuthFilter - completed method=GET uri=/health/ready status=200 durationMs=3 requestId=3bdee824
2026-10-03 13:51:13.828 [http-nio-8080-exec-22] INFO  [d4071030] [] c.s.filter.JwtAuthFilter - incoming method=GET uri=/health/ready requestId=d4071030
2026-10-03 13:51:13.832 [http-nio-8080-exec-22] INFO  [d4071030] [] c.s.filter.JwtAuthFilter - completed method=GET uri=/health/ready status=200 durationMs=4 requestId=d4071030
2026-10-03 13:51:23.859 [http-nio-8080-exec-17] INFO  [c329e8e9] [] c.s.filter.JwtAuthFilter - incoming method=GET uri=/health/ready requestId=c329e8e9
2026-10-03 13:51:23.861 [http-nio-8080-exec-17] INFO  [c329e8e9] [] c.s.filter.JwtAuthFilter - completed method=GET uri=/health/ready status=200 durationMs=2 requestId=c329e8e9
2026-10-03 13:51:33.907 [http-nio-8080-exec-4] INFO  [0965b865] [] c.s.filter.JwtAuthFilter - incoming method=GET uri=/health/ready requestId=0965b865
2026-10-03 13:51:33.914 [http-nio-8080-exec-4] INFO  [0965b865] [] c.s.filter.JwtAuthFilter - completed method=GET uri=/health/ready status=200 durationMs=7 requestId=0965b865
2026-10-03 13:51:43.945 [http-nio-8080-exec-19] INFO  [65e0e560] [] c.s.filter.JwtAuthFilter - incoming method=GET uri=/health/ready requestId=65e0e560
2026-10-03 13:51:43.948 [http-nio-8080-exec-19] INFO  [65e0e560] [] c.s.filter.JwtAuthFilter - completed method=GET uri=/health/ready status=200 durationMs=3 requestId=65e0e560
2026-10-03 13:51:53.991 [http-nio-8080-exec-21] INFO  [8dfe40c2] [] c.s.filter.JwtAuthFilter - incoming method=GET uri=/health/ready requestId=8dfe40c2
2026-10-03 13:51:53.998 [http-nio-8080-exec-21] INFO  [8dfe40c2] [] c.s.filter.JwtAuthFilter - completed method=GET uri=/health/ready status=200 durationMs=7 requestId=8dfe40c2
2026-10-03 13:52:04.043 [http-nio-8080-exec-23] INFO  [160d8df9] [] c.s.filter.JwtAuthFilter - incoming method=GET uri=/health/ready requestId=160d8df9
2026-10-03 13:52:04.047 [http-nio-8080-exec-23] INFO  [160d8df9] [] c.s.filter.JwtAuthFilter - completed method=GET uri=/health/ready status=200 durationMs=4 requestId=160d8df9
2026-10-03 13:52:14.082 [http-nio-8080-exec-10] INFO  [3fb193d2] [] c.s.filter.JwtAuthFilter - incoming method=GET uri=/health/ready requestId=3fb193d2
2026-10-03 13:52:14.085 [http-nio-8080-exec-10] INFO  [3fb193d2] [] c.s.filter.JwtAuthFilter - completed method=GET uri=/health/ready status=200 durationMs=4 requestId=3fb193d2
2026-10-03 13:52:24.117 [http-nio-8080-exec-11] INFO  [c032bf90] [] c.s.filter.JwtAuthFilter - incoming method=GET uri=/health/ready requestId=c032bf90
2026-10-03 13:52:24.121 [http-nio-8080-exec-11] INFO  [c032bf90] [] c.s.filter.JwtAuthFilter - completed method=GET uri=/health/ready status=200 durationMs=4 requestId=c032bf90
2026-10-03 13:52:34.157 [http-nio-8080-exec-5] INFO  [9ec8c204] [] c.s.filter.JwtAuthFilter - incoming method=GET uri=/health/ready requestId=9ec8c204
2026-10-03 13:52:34.163 [http-nio-8080-exec-5] INFO  [9ec8c204] [] c.s.filter.JwtAuthFilter - completed method=GET uri=/health/ready status=200 durationMs=6 requestId=9ec8c204
2026-10-03 13:52:44.196 [http-nio-8080-exec-8] INFO  [253fd896] [] c.s.filter.JwtAuthFilter - incoming method=GET uri=/health/ready requestId=253fd896
2026-10-03 13:52:44.198 [http-nio-8080-exec-8] INFO  [253fd896] [] c.s.filter.JwtAuthFilter - completed method=GET uri=/health/ready status=200 durationMs=2 requestId=253fd896
2026-10-03 13:52:54.233 [http-nio-8080-exec-2] INFO  [a460ae41] [] c.s.filter.JwtAuthFilter - incoming method=GET uri=/health/ready requestId=a460ae41
2026-10-03 13:52:54.238 [http-nio-8080-exec-2] INFO  [a460ae41] [] c.s.filter.JwtAuthFilter - completed method=GET uri=/health/ready status=200 durationMs=5 requestId=a460ae41
2026-10-03 13:53:04.273 [http-nio-8080-exec-15] INFO  [acc386aa] [] c.s.filter.JwtAuthFilter - incoming method=GET uri=/health/ready requestId=acc386aa
2026-10-03 13:53:04.281 [http-nio-8080-exec-15] INFO  [acc386aa] [] c.s.filter.JwtAuthFilter - completed method=GET uri=/health/ready status=200 durationMs=8 requestId=acc386aa
2026-10-03 13:53:14.317 [http-nio-8080-exec-12] INFO  [b69b1f39] [] c.s.filter.JwtAuthFilter - incoming method=GET uri=/health/ready requestId=b69b1f39
2026-10-03 13:53:14.320 [http-nio-8080-exec-12] INFO  [b69b1f39] [] c.s.filter.JwtAuthFilter - completed method=GET uri=/health/ready status=200 durationMs=3 requestId=b69b1f39
2026-10-03 13:53:24.352 [http-nio-8080-exec-20] INFO  [6e286347] [] c.s.filter.JwtAuthFilter - incoming method=GET uri=/health/ready requestId=6e286347
2026-10-03 13:53:24.354 [http-nio-8080-exec-20] INFO  [6e286347] [] c.s.filter.JwtAuthFilter - completed method=GET uri=/health/ready status=200 durationMs=2 requestId=6e286347
2026-10-03 13:53:34.387 [http-nio-8080-exec-6] INFO  [2c5c0998] [] c.s.filter.JwtAuthFilter - incoming method=GET uri=/health/ready requestId=2c5c0998
2026-10-03 13:53:34.390 [http-nio-8080-exec-6] INFO  [2c5c0998] [] c.s.filter.JwtAuthFilter - completed method=GET uri=/health/ready status=200 durationMs=3 requestId=2c5c0998
2026-10-03 13:53:44.422 [http-nio-8080-exec-13] INFO  [b2f5ea73] [] c.s.filter.JwtAuthFilter - incoming method=GET uri=/health/ready requestId=b2f5ea73
2026-10-03 13:53:44.426 [http-nio-8080-exec-13] INFO  [b2f5ea73] [] c.s.filter.JwtAuthFilter - completed method=GET uri=/health/ready status=200 durationMs=4 requestId=b2f5ea73
2026-10-03 13:53:54.467 [http-nio-8080-exec-1] INFO  [a3ce9787] [] c.s.filter.JwtAuthFilter - incoming method=GET uri=/health/ready requestId=a3ce9787
2026-10-03 13:53:54.472 [http-nio-8080-exec-1] INFO  [a3ce9787] [] c.s.filter.JwtAuthFilter - completed method=GET uri=/health/ready status=200 durationMs=5 requestId=a3ce9787
2026-10-03 13:54:04.503 [http-nio-8080-exec-9] INFO  [70c38c18] [] c.s.filter.JwtAuthFilter - incoming method=GET uri=/health/ready requestId=70c38c18
2026-10-03 13:54:04.507 [http-nio-8080-exec-9] INFO  [70c38c18] [] c.s.filter.JwtAuthFilter - completed method=GET uri=/health/ready status=200 durationMs=4 requestId=70c38c18
2026-10-03 13:54:14.536 [http-nio-8080-exec-14] INFO  [199e4f70] [] c.s.filter.JwtAuthFilter - incoming method=GET uri=/health/ready requestId=199e4f70
2026-10-03 13:54:14.541 [http-nio-8080-exec-14] INFO  [199e4f70] [] c.s.filter.JwtAuthFilter - completed method=GET uri=/health/ready status=200 durationMs=5 requestId=199e4f70
2026-10-03 13:54:24.574 [http-nio-8080-exec-3] INFO  [4b404f30] [] c.s.filter.JwtAuthFilter - incoming method=GET uri=/health/ready requestId=4b404f30
2026-10-03 13:54:24.578 [http-nio-8080-exec-3] INFO  [4b404f30] [] c.s.filter.JwtAuthFilter - completed method=GET uri=/health/ready status=200 durationMs=4 requestId=4b404f30
2026-10-03 13:54:34.613 [http-nio-8080-exec-22] INFO  [b37ab3ce] [] c.s.filter.JwtAuthFilter - incoming method=GET uri=/health/ready requestId=b37ab3ce
2026-10-03 13:54:34.617 [http-nio-8080-exec-22] INFO  [b37ab3ce] [] c.s.filter.JwtAuthFilter - completed method=GET uri=/health/ready status=200 durationMs=4 requestId=b37ab3ce
2026-10-03 13:54:44.647 [http-nio-8080-exec-17] INFO  [dfffa901] [] c.s.filter.JwtAuthFilter - incoming method=GET uri=/health/ready requestId=dfffa901
2026-10-03 13:54:44.651 [http-nio-8080-exec-17] INFO  [dfffa901] [] c.s.filter.JwtAuthFilter - completed method=GET uri=/health/ready status=200 durationMs=4 requestId=dfffa901
2026-10-03 13:54:54.687 [http-nio-8080-exec-4] INFO  [30e7e0fc] [] c.s.filter.JwtAuthFilter - incoming method=GET uri=/health/ready requestId=30e7e0fc
2026-10-03 13:54:54.691 [http-nio-8080-exec-4] INFO  [30e7e0fc] [] c.s.filter.JwtAuthFilter - completed method=GET uri=/health/ready status=200 durationMs=4 requestId=30e7e0fc
2026-10-03 13:55:04.724 [http-nio-8080-exec-19] INFO  [fde040cc] [] c.s.filter.JwtAuthFilter - incoming method=GET uri=/health/ready requestId=fde040cc
2026-10-03 13:55:04.728 [http-nio-8080-exec-19] INFO  [fde040cc] [] c.s.filter.JwtAuthFilter - completed method=GET uri=/health/ready status=200 durationMs=4 requestId=fde040cc
2026-10-03 13:55:14.763 [http-nio-8080-exec-21] INFO  [b7c52593] [] c.s.filter.JwtAuthFilter - incoming method=GET uri=/health/ready requestId=b7c52593
2026-10-03 13:55:14.768 [http-nio-8080-exec-21] INFO  [b7c52593] [] c.s.filter.JwtAuthFilter - completed method=GET uri=/health/ready status=200 durationMs=5 requestId=b7c52593
2026-10-03 13:55:24.810 [http-nio-8080-exec-23] INFO  [7d9ab23c] [] c.s.filter.JwtAuthFilter - incoming method=GET uri=/health/ready requestId=7d9ab23c
2026-10-03 13:55:24.815 [http-nio-8080-exec-23] INFO  [7d9ab23c] [] c.s.filter.JwtAuthFilter - completed method=GET uri=/health/ready status=200 durationMs=5 requestId=7d9ab23c
2026-10-03 13:55:34.849 [http-nio-8080-exec-10] INFO  [19eeb86b] [] c.s.filter.JwtAuthFilter - incoming method=GET uri=/health/ready requestId=19eeb86b
2026-10-03 13:55:34.854 [http-nio-8080-exec-10] INFO  [19eeb86b] [] c.s.filter.JwtAuthFilter - completed method=GET uri=/health/ready status=200 durationMs=5 requestId=19eeb86b
2026-10-03 13:55:44.888 [http-nio-8080-exec-11] INFO  [bbeef704] [] c.s.filter.JwtAuthFilter - incoming method=GET uri=/health/ready requestId=bbeef704
2026-10-03 13:55:44.891 [http-nio-8080-exec-11] INFO  [bbeef704] [] c.s.filter.JwtAuthFilter - completed method=GET uri=/health/ready status=200 durationMs=3 requestId=bbeef704
2026-10-03 13:55:54.928 [http-nio-8080-exec-5] INFO  [5ca0626a] [] c.s.filter.JwtAuthFilter - incoming method=GET uri=/health/ready requestId=5ca0626a
2026-10-03 13:55:54.932 [http-nio-8080-exec-5] INFO  [5ca0626a] [] c.s.filter.JwtAuthFilter - completed method=GET uri=/health/ready status=200 durationMs=4 requestId=5ca0626a
2026-10-03 13:56:04.962 [http-nio-8080-exec-8] INFO  [eedb6fa3] [] c.s.filter.JwtAuthFilter - incoming method=GET uri=/health/ready requestId=eedb6fa3
2026-10-03 13:56:04.966 [http-nio-8080-exec-8] INFO  [eedb6fa3] [] c.s.filter.JwtAuthFilter - completed method=GET uri=/health/ready status=200 durationMs=4 requestId=eedb6fa3
2026-10-03 13:56:15.000 [http-nio-8080-exec-2] INFO  [2ce41473] [] c.s.filter.JwtAuthFilter - incoming method=GET uri=/health/ready requestId=2ce41473
2026-10-03 13:56:15.002 [http-nio-8080-exec-2] INFO  [2ce41473] [] c.s.filter.JwtAuthFilter - completed method=GET uri=/health/ready status=200 durationMs=2 requestId=2ce41473
2026-10-03 13:56:25.038 [http-nio-8080-exec-15] INFO  [98aebc92] [] c.s.filter.JwtAuthFilter - incoming method=GET uri=/health/ready requestId=98aebc92
2026-10-03 13:56:25.041 [http-nio-8080-exec-15] INFO  [98aebc92] [] c.s.filter.JwtAuthFilter - completed method=GET uri=/health/ready status=200 durationMs=3 requestId=98aebc92
2026-10-03 13:56:35.069 [http-nio-8080-exec-12] INFO  [c4302f6f] [] c.s.filter.JwtAuthFilter - incoming method=GET uri=/health/ready requestId=c4302f6f
2026-10-03 13:56:35.071 [http-nio-8080-exec-12] INFO  [c4302f6f] [] c.s.filter.JwtAuthFilter - completed method=GET uri=/health/ready status=200 durationMs=2 requestId=c4302f6f
2026-10-03 13:56:45.104 [http-nio-8080-exec-20] INFO  [974b8682] [] c.s.filter.JwtAuthFilter - incoming method=GET uri=/health/ready requestId=974b8682
2026-10-03 13:56:45.107 [http-nio-8080-exec-20] INFO  [974b8682] [] c.s.filter.JwtAuthFilter - completed method=GET uri=/health/ready status=200 durationMs=3 requestId=974b8682
2026-10-03 13:56:55.140 [http-nio-8080-exec-6] INFO  [fe5b0484] [] c.s.filter.JwtAuthFilter - incoming method=GET uri=/health/ready requestId=fe5b0484
2026-10-03 13:56:55.143 [http-nio-8080-exec-6] INFO  [fe5b0484] [] c.s.filter.JwtAuthFilter - completed method=GET uri=/health/ready status=200 durationMs=3 requestId=fe5b0484
2026-10-03 13:57:05.176 [http-nio-8080-exec-13] INFO  [16641722] [] c.s.filter.JwtAuthFilter - incoming method=GET uri=/health/ready requestId=16641722
2026-10-03 13:57:05.178 [http-nio-8080-exec-13] INFO  [16641722] [] c.s.filter.JwtAuthFilter - completed method=GET uri=/health/ready status=200 durationMs=2 requestId=16641722
2026-10-03 13:57:15.212 [http-nio-8080-exec-1] INFO  [0de3c18e] [] c.s.filter.JwtAuthFilter - incoming method=GET uri=/health/ready requestId=0de3c18e
2026-10-03 13:57:15.217 [http-nio-8080-exec-1] INFO  [0de3c18e] [] c.s.filter.JwtAuthFilter - completed method=GET uri=/health/ready status=200 durationMs=5 requestId=0de3c18e
2026-10-03 13:57:25.249 [http-nio-8080-exec-9] INFO  [dd3c0af7] [] c.s.filter.JwtAuthFilter - incoming method=GET uri=/health/ready requestId=dd3c0af7
2026-10-03 13:57:25.252 [http-nio-8080-exec-9] INFO  [dd3c0af7] [] c.s.filter.JwtAuthFilter - completed method=GET uri=/health/ready status=200 durationMs=3 requestId=dd3c0af7
2026-10-03 13:57:35.284 [http-nio-8080-exec-14] INFO  [ae008a20] [] c.s.filter.JwtAuthFilter - incoming method=GET uri=/health/ready requestId=ae008a20
2026-10-03 13:57:35.287 [http-nio-8080-exec-14] INFO  [ae008a20] [] c.s.filter.JwtAuthFilter - completed method=GET uri=/health/ready status=200 durationMs=3 requestId=ae008a20
2026-10-03 13:57:45.319 [http-nio-8080-exec-3] INFO  [3c5a4123] [] c.s.filter.JwtAuthFilter - incoming method=GET uri=/health/ready requestId=3c5a4123
2026-10-03 13:57:45.322 [http-nio-8080-exec-3] INFO  [3c5a4123] [] c.s.filter.JwtAuthFilter - completed method=GET uri=/health/ready status=200 durationMs=3 requestId=3c5a4123
2026-10-03 13:57:55.350 [http-nio-8080-exec-22] INFO  [c17f8e01] [] c.s.filter.JwtAuthFilter - incoming method=GET uri=/health/ready requestId=c17f8e01
2026-10-03 13:57:55.353 [http-nio-8080-exec-22] INFO  [c17f8e01] [] c.s.filter.JwtAuthFilter - completed method=GET uri=/health/ready status=200 durationMs=3 requestId=c17f8e01
2026-10-03 13:58:05.376 [http-nio-8080-exec-17] INFO  [f58c5818] [] c.s.filter.JwtAuthFilter - incoming method=GET uri=/health/ready requestId=f58c5818
2026-10-03 13:58:05.380 [http-nio-8080-exec-17] INFO  [f58c5818] [] c.s.filter.JwtAuthFilter - completed method=GET uri=/health/ready status=200 durationMs=4 requestId=f58c5818
2026-10-03 13:58:15.408 [http-nio-8080-exec-4] INFO  [35b96f58] [] c.s.filter.JwtAuthFilter - incoming method=GET uri=/health/ready requestId=35b96f58
2026-10-03 13:58:15.411 [http-nio-8080-exec-4] INFO  [35b96f58] [] c.s.filter.JwtAuthFilter - completed method=GET uri=/health/ready status=200 durationMs=3 requestId=35b96f58
